emp_no,first_name,last_name,title,from_date,to_date,salary
10095,Hilari,Morton,Staff,1994-03-10,2000-03-09,63668
10122,Ohad,Esposito,Technique Leader,1998-08-06,9999-01-01,42284
10291,Dipayan,Seghrouchni,Staff,1987-03-30,1994-03-30,57430
10476,Kokou,Iisaka,Staff,1987-09-20,1994-09-20,58221
10663,Teunis,Noriega,Technique Leader,1993-01-23,9999-01-01,47521
10762,Lech,Himler,Staff,1992-01-21,1999-01-21,52172
10933,Juyoung,Seghrouchni,Senior Engineer,1993-08-02,9999-01-01,40000
12155,Keiichiro,Glinert,Engineer,1993-09-16,2001-09-16,55355
12408,Rasiah,Sudkamp,Senior Engineer,1995-04-18,9999-01-01,40000
12643,Morrie,Schurmann,Staff,1998-12-31,9999-01-01,114784
13499,Kazuhiko,Sidou,Technique Leader,1991-09-01,9999-01-01,40000
14075,Denny,Tchuente,Assistant Engineer,1991-05-30,1998-05-30,40000
14104,Sudhanshu,Demian,Staff,1994-07-23,1999-07-23,40327
14127,Magdalena,Cannard,Engineer,1994-04-22,2002-04-22,50454
14158,Caolyn,Setiz,Senior Staff,1996-02-06,9999-01-01,67559
14476,Sastry,Marrevee,Engineer,1999-09-25,9999-01-01,72512
14907,Nakhoon,Luga,Staff,1986-12-18,1994-12-18,69351
15050,Nikolaos,Kruskal,Senior Engineer,1996-12-16,9999-01-01,46188
15058,Bouchung,Bugrara,Senior Staff,1998-06-18,9999-01-01,62294
15413,Arvin,Rabejac,Engineer,1994-01-01,2002-01-01,40000
16461,Remmert,Schahn,Staff,1986-09-06,1994-09-06,83638
16528,Gaurav,Swick,Engineer,2001-05-07,9999-01-01,49557
17013,Morris,Garigliano,Staff,1995-05-24,2000-05-23,55776
17206,Berry,DeMori,Engineer,1992-12-27,1998-12-27,40000
17369,Yaghout,Kenevan,Senior Engineer,1998-01-28,9999-01-01,40000
17447,Zengping,Boreale,Staff,1998-12-16,9999-01-01,65188
17731,Gennady,Roison,Assistant Engineer,1989-12-06,1997-12-06,68972
17970,Filipp,Carrere,Technique Leader,1989-01-09,9999-01-01,40000
17988,Mabhin,Calkin,Engineer,1989-11-30,1997-11-30,52284
18021,Adil,Matzke,Senior Engineer,1995-05-08,9999-01-01,40000
18424,Filipp,Rousseau,Senior Engineer,2002-06-07,9999-01-01,40000
18583,Stafford,Honglei,Staff,1998-08-16,9999-01-01,40000
18617,Surveyors,Crouzet,Senior Staff,1998-04-24,9999-01-01,40000
18810,Taiji,Jarecki,Engineer,1991-06-27,1999-06-27,40000
19236,Elzbieta,Morris,Engineer,1988-07-12,1993-07-12,67760
19350,Satoru,Yoshizawa,Staff,1994-03-27,1999-03-27,41182
19803,Ziva,Kowalchuk,Engineer,1987-06-13,1992-06-12,71465
20100,Utz,Heuter,Staff,1986-06-15,1995-06-15,64100
20128,Kazunori,Peak,Senior Staff,1999-08-13,9999-01-01,40000
20129,Rafael,Skafidas,Senior Engineer,2000-03-27,9999-01-01,53292
20248,Vidar,Demri,Staff,1999-12-31,9999-01-01,40000
20313,Candida,Benveniste,Engineer,1999-01-20,9999-01-01,40000
20500,Christoph,Trystram,Staff,1993-10-15,1998-10-15,40000
20885,Otmar,Rothenberg,Engineer,1989-03-14,1996-03-14,59704
21181,Jianhui,Cangellaris,Engineer,1999-10-06,9999-01-01,60114
21188,Piyush,Danecki,Engineer,2000-01-08,9999-01-01,40000
21546,Yongmin,Lanteri,Senior Staff,1988-02-16,9999-01-01,75391
21843,Karsten,Azadmanesh,Senior Engineer,1985-11-29,9999-01-01,52216
21909,Mohammed,Brizzi,Staff,1991-12-28,1998-12-28,60302
22185,Huai,Birch,Engineer,2002-03-26,9999-01-01,40000
22415,Perla,Jumpertz,Senior Staff,1994-08-24,9999-01-01,69277
22451,Jasminko,Bresenham,Senior Staff,1996-12-15,9999-01-01,40000
22455,Barry,Unno,Senior Staff,1999-11-16,9999-01-01,69644
22926,Manibrata,Genther,Engineer,1988-01-15,1996-01-15,56184
23396,Hilari,Fairtlough,Technique Leader,1986-12-15,9999-01-01,55806
24080,Jaana,Perez,Technique Leader,1996-03-11,9999-01-01,47203
24205,Roddy,Rubsam,Senior Engineer,1993-09-19,9999-01-01,49424
24377,Lubomir,Wroclawski,Engineer,1993-07-25,2000-07-25,42900
24394,Zhonghui,Conta,Staff,1994-09-10,9999-01-01,55035
24553,Anwar,Passafiume,Staff,1987-01-30,1994-01-30,58459
24571,Cordelia,Gischer,Engineer,1989-03-14,1995-03-14,40000
25488,Ingmar,Basawa,Senior Staff,1997-11-08,9999-01-01,40851
26629,Nevin,Rodham,Senior Staff,1998-12-14,9999-01-01,50836
26671,Jiakeng,Kalorkoti,Senior Engineer,2001-12-25,9999-01-01,68039
26788,Zongyan,Dalphin,Engineer,1988-04-23,1993-04-23,40000
27331,Wanqing,Krohm,Staff,1991-01-22,1999-01-22,40000
27378,Piyawadee,Leppanen,Senior Staff,1999-02-25,9999-01-01,48227
27620,Shuji,Kandlur,Senior Engineer,1997-03-02,9999-01-01,40000
27686,Manu,Rosiles,Senior Staff,1998-03-03,9999-01-01,62592
27699,Falguni,Pezzoli,Engineer,1996-12-23,9999-01-01,67505
27767,Tooru,Veldwijk,Staff,1993-11-21,2000-11-21,40000
28193,Xinglin,Mitsuhashi,Engineer,1988-12-14,1997-12-14,40490
28974,Chenxi,Sundgren,Senior Engineer,1986-09-02,9999-01-01,40000
28988,Tua,Giveon,Technique Leader,1998-09-09,9999-01-01,47185
29130,Xumin,Thorensen,Staff,1998-04-26,9999-01-01,67033
29265,Gilbert,Calkin,Senior Staff,1994-03-21,9999-01-01,40000
29380,Satoru,Vidal,Assistant Engineer,1998-05-02,9999-01-01,48212
29418,Valery,Mersereau,Assistant Engineer,1998-07-01,9999-01-01,57496
29679,Kolar,Steenbeek,Senior Engineer,1986-10-18,9999-01-01,44381
29782,Jouko,Hellwagner,Senior Engineer,1994-12-21,9999-01-01,45222
29954,Pranay,Giarratana,Senior Engineer,1992-09-29,9999-01-01,40000
30007,Kousuke,Vecchio,Senior Engineer,1999-02-23,9999-01-01,56378
30035,Tetsushi,Conta,Senior Staff,1995-07-04,9999-01-01,45843
30154,Mayuko,Skafidas,Technique Leader,1999-04-19,9999-01-01,40000
30182,Leon,Potthoff,Senior Engineer,1993-12-08,9999-01-01,61572
30465,Randi,Avouris,Senior Engineer,1991-07-16,9999-01-01,41895
30484,Sailaja,Chvatal,Staff,1999-05-18,9999-01-01,62692
30695,Gudjon,Majewski,Senior Engineer,1999-10-26,9999-01-01,42052
30938,Yakkov,Samarati,Senior Staff,2000-05-22,9999-01-01,43593
31147,Divine,Sidhu,Senior Staff,1989-07-05,9999-01-01,54305
31188,Leandro,Gist,Technique Leader,1993-02-03,9999-01-01,40000
31207,Abdelwaheb,Dulin,Senior Engineer,1993-08-05,9999-01-01,40000
31341,Oksana,Zultner,Senior Staff,1997-03-22,9999-01-01,53219
31514,Harngdar,Schapire,Engineer,1996-11-09,2001-11-09,62415
31568,Mark,Lalonde,Staff,1996-11-24,9999-01-01,67061
31909,Murthy,Peek,Engineer,1994-07-19,9999-01-01,46224
32347,Terresa,Peres,Staff,1990-09-15,1997-09-15,66965
32552,Atreye,Stanger,Engineer,1999-09-10,9999-01-01,50710
32649,Ingmar,Nannarelli,Senior Staff,1988-06-10,9999-01-01,51124
32714,Radoslaw,Maliniak,Staff,1997-11-17,9999-01-01,82622
32844,Tadahiko,Melton,Engineer,1995-01-07,9999-01-01,48091
33025,Jessie,Thorelli,Senior Staff,1999-12-16,9999-01-01,40000
33215,Steen,Fasbender,Technique Leader,1993-02-14,9999-01-01,48797
33722,Anwar,Collette,Senior Engineer,1994-03-22,9999-01-01,40000
34077,Angel,Sichman,Senior Staff,1997-11-16,9999-01-01,50005
34261,Kyoichi,Callaway,Senior Staff,1996-12-29,9999-01-01,40000
34446,Chinhyun,Bauknecht,Senior Engineer,1986-12-19,9999-01-01,40000
34452,Naftaly,Foong,Senior Engineer,2000-05-09,9999-01-01,50679
34505,Felicidad,Kumaresan,Staff,1994-09-06,2001-09-06,87384
34533,Erzsebet,Shigei,Senior Engineer,1991-01-21,9999-01-01,40829
34780,Moni,Kohling,Staff,1994-07-21,9999-01-01,64125
34788,Ennio,Babu,Senior Engineer,1994-08-31,9999-01-01,58068
34936,Bokyung,Stamatiou,Technique Leader,1991-02-12,9999-01-01,65899
35044,Jiang,Waschkowski,Engineer,1989-05-27,1997-05-27,52310
35087,Leif,Ashish,Senior Staff,2001-10-14,9999-01-01,40000
35441,Chandrasekaran,Peek,Senior Engineer,1993-02-06,9999-01-01,48152
35642,Ashish,Talmon,Engineer,1995-06-13,2002-06-13,40000
35793,Oscar,Kusalik,Staff,1991-05-11,1996-05-10,56473
35798,Ulf,Oberman,Senior Engineer,1997-03-15,9999-01-01,41160
36521,Serif,Gladwell,Staff,1987-03-06,1993-03-05,57111
36626,Fen,Genin,Senior Staff,1986-05-09,9999-01-01,48437
36733,Uma,Reinhard,Staff,1997-11-01,9999-01-01,40000
36844,Hailing,Levergood,Staff,2000-01-12,9999-01-01,57007
36982,Kotesh,Rajala,Senior Engineer,2000-06-23,9999-01-01,40000
37070,Jeong,Undy,Senior Staff,1993-02-13,9999-01-01,43215
37945,Suzette,Butterworth,Senior Engineer,1994-02-19,9999-01-01,40000
38043,Michaela,Randi,Senior Engineer,1994-11-23,9999-01-01,49927
38103,Masasuke,Babu,Engineer,1988-03-31,1993-03-31,48383
38168,Fumiko,Deverell,Staff,1987-08-15,1996-08-14,40000
38550,JoAnne,Baez,Senior Engineer,1987-02-16,9999-01-01,40000
38593,Huei,Orsini,Engineer,1986-06-04,1995-06-04,60124
38947,Shuichi,Ruemmler,Staff,1991-03-08,1998-03-08,40000
39000,Martijn,Vendrig,Senior Staff,2002-03-03,9999-01-01,48649
39036,Changho,Cappelli,Staff,1996-05-04,9999-01-01,40000
39301,Rimon,Kawashima,Staff,1992-02-06,1998-02-05,40000
39341,Mahmut,Lampe,Engineer,1985-05-11,1994-05-11,50645
39952,Otmar,Sudbeck,Staff,1998-07-22,9999-01-01,80468
40269,Toshiki,Ghazalie,Staff,1991-12-05,2000-12-04,70370
40283,Sudhanshu,Boissier,Engineer,1985-05-11,1993-05-11,40000
40301,Spyrose,Felder,Senior Engineer,1996-06-16,9999-01-01,40000
40536,Harngdar,Bernardinello,Senior Engineer,1996-02-29,9999-01-01,49948
40765,Michaela,Ramsak,Senior Staff,2001-12-21,9999-01-01,51758
40773,Shimshon,Aingworth,Staff,1986-04-13,1991-04-13,40000
40983,Marla,Cherinka,Technique Leader,1986-12-01,9999-01-01,40000
41114,Petter,Thummel,Technique Leader,1995-12-24,9999-01-01,60729
41137,Bikash,Buchter,Staff,1987-11-23,1992-11-22,71921
41357,Willard,Vernadat,Engineer,1997-03-04,9999-01-01,59086
41518,Keung,Schapiro,Senior Engineer,1998-04-19,9999-01-01,47399
41520,Xiong,Uhrik,Senior Engineer,1988-03-21,9999-01-01,44818
41609,Yucai,Simmen,Senior Staff,1987-10-13,9999-01-01,60396
42778,Shuji,Remmers,Staff,1987-12-18,1996-12-17,40000
42911,Brigham,Eterovic,Senior Engineer,1999-10-08,9999-01-01,40181
42950,Shaleah,Eickenmeyer,Senior Staff,1993-10-09,9999-01-01,40000
42955,Yucel,Lortz,Engineer,1995-02-21,9999-01-01,40000
43154,Maha,Waterhouse,Staff,1997-07-04,2002-07-04,69813
43733,Huei,Boguraev,Senior Staff,1998-12-31,9999-01-01,40000
43848,Phillip,Oxenboll,Engineer,1999-05-26,9999-01-01,40000
44054,Alenka,Ritcey,Engineer,1997-02-09,9999-01-01,40000
44265,Maria,Eppinger,Engineer,1997-01-30,9999-01-01,52444
44540,Mingzeng,Sadowski,Senior Engineer,1989-11-12,9999-01-01,40000
44900,Mark,Schwaller,Staff,1994-08-10,2001-08-10,47805
44959,Volkmar,Uhrik,Engineer,1988-01-16,1995-01-16,60432
44962,Sariel,Wynblatt,Assistant Engineer,1996-05-18,9999-01-01,40000
45162,Dulce,Speel,Engineer,1987-10-19,1996-10-18,58610
46000,Zhaofang,Penn,Senior Staff,2002-07-24,9999-01-01,40000
46328,Wuxu,Trogemann,Senior Staff,1997-01-27,9999-01-01,76950
46811,Junsik,Berendt,Senior Engineer,1988-04-27,9999-01-01,52228
46834,Tooru,Daescu,Senior Staff,1998-03-20,9999-01-01,82569
46943,Pasqua,Maraist,Senior Engineer,1998-12-06,9999-01-01,46091
47016,Toong,Litecky,Staff,1989-03-01,1994-03-01,58961
47139,Marco,Usdin,Engineer,1996-10-29,9999-01-01,67283
47262,Gonzalo,Binkley,Engineer,1985-08-16,1990-08-16,40000
47515,Naraig,Jenevein,Senior Engineer,1987-01-18,9999-01-01,50098
47702,Juyoung,Vieri,Senior Staff,1999-08-12,9999-01-01,84625
47708,Edwin,Haldar,Senior Staff,1995-07-12,9999-01-01,76137
48275,Sariel,Massonet,Senior Staff,1993-11-19,9999-01-01,67799
48690,Hitomi,Schaap,Staff,1999-09-27,9999-01-01,47581
48882,Leen,Lamparter,Senior Engineer,2001-06-07,9999-01-01,40000
48904,Yuichiro,Malabarba,Senior Staff,1999-03-07,9999-01-01,58807
48947,Filipp,Akaboshi,Senior Staff,1992-05-20,9999-01-01,57836
49010,Kazuhisa,Benantar,Senior Staff,1994-10-23,9999-01-01,63422
49017,Filipp,Flanders,Senior Engineer,1999-11-26,9999-01-01,46622
49119,Lena,Peek,Engineer,1991-05-16,1997-05-15,55051
49177,Tze,Bach,Engineer,1999-03-09,9999-01-01,44995
49464,Siddarth,Cappelletti,Staff,1999-09-10,9999-01-01,73678
49477,Baocai,Leaver,Senior Staff,1998-08-05,9999-01-01,40000
50293,Xinan,Rindone,Engineer,1996-10-08,9999-01-01,40000
50311,Mooi,Stafford,Senior Engineer,1996-10-06,9999-01-01,40000
50453,Aron,Harbusch,Staff,1997-10-02,9999-01-01,79402
50670,Boguslaw,Snedden,Senior Staff,1993-02-20,9999-01-01,64895
50831,Marie,Khalid,Senior Engineer,1990-10-27,9999-01-01,52845
51036,Chriss,Fasbender,Staff,1995-05-23,9999-01-01,55121
51057,Theirry,Albarhamtoshy,Staff,1991-09-27,1996-09-26,58337
51060,Youngkon,Rohrbach,Engineer,1989-10-20,1998-10-20,42308
51142,Rosine,Lakshmanan,Senior Engineer,1991-01-31,9999-01-01,46516
52038,Chikako,Armand,Senior Engineer,1985-05-18,9999-01-01,52102
52040,Phule,Heijenga,Senior Staff,1998-02-21,9999-01-01,40000
52283,Trygve,Krupka,Senior Staff,2001-03-11,9999-01-01,44232
52386,Adas,Denti,Senior Staff,1995-05-30,9999-01-01,65342
52590,Jouni,Munoz,Staff,1995-11-26,2000-11-25,45171
52599,Augustine,Mungall,Senior Engineer,1996-08-30,9999-01-01,48897
52639,Arup,Colorni,Senior Staff,1996-02-05,9999-01-01,69976
52770,Shugo,Yurek,Senior Staff,1998-08-28,9999-01-01,65588
52778,Alain,Penn,Technique Leader,1986-05-03,9999-01-01,46041
52956,Khalil,Picci,Senior Engineer,1992-03-20,9999-01-01,40000
52970,Lobel,Werthner,Senior Engineer,1997-03-17,9999-01-01,47552
53278,Premsyl,Lortz,Senior Staff,1999-02-01,9999-01-01,67503
53314,Eberhardt,Carrera,Staff,1999-02-23,9999-01-01,40000
53431,Sham,Vasanthakumar,Senior Staff,1985-10-24,9999-01-01,60379
53499,Zdislav,Mandelberg,Senior Engineer,2000-09-10,9999-01-01,40000
53597,Jiafu,Marchegay,Engineer,1985-03-02,1992-03-02,41626
53874,Bodo,Schade,Staff,1986-02-14,1995-02-14,51955
53924,Arnould,Gaughan,Senior Engineer,1998-01-23,9999-01-01,40000
54198,Shaowen,Segond,Senior Engineer,1993-01-06,9999-01-01,40000
54632,Etsuo,Serot,Senior Staff,1997-06-14,9999-01-01,43788
54795,Sumant,Nergos,Staff,1993-05-07,2000-05-07,40000
54800,Breannda,Cangellaris,Staff,2000-01-27,9999-01-01,74827
55640,Adit,Syrotiuk,Engineer,1993-07-16,1999-07-16,40000
55687,Shih,Lindqvist,Senior Engineer,1995-03-29,9999-01-01,40000
55799,Jianwen,Litzler,Engineer,1987-06-17,1993-06-16,61980
55857,Adin,Scallan,Senior Staff,1996-09-14,9999-01-01,70416
56105,Makato,Remmers,Senior Engineer,1994-04-16,9999-01-01,40000
56209,Remzi,Douceur,Senior Engineer,1998-12-01,9999-01-01,54373
56415,Sigeru,Nivat,Senior Staff,1999-10-24,9999-01-01,51148
56428,Olivera,Hanabata,Senior Staff,1992-11-09,9999-01-01,43255
56682,Roded,Picco,Assistant Engineer,1993-11-06,9999-01-01,40000
56829,Nagui,Gruenwald,Engineer,1995-12-24,9999-01-01,40000
56847,Menkae,Chinin,Senior Engineer,1989-08-19,9999-01-01,44031
57934,Sanjoy,Boudaillier,Senior Engineer,1997-12-27,9999-01-01,82396
58141,Bezalel,Karner,Staff,1994-09-27,9999-01-01,46317
58147,Shigenori,Sullins,Senior Staff,1988-02-24,9999-01-01,55703
58384,Mariusz,Vural,Engineer,1993-11-14,2001-11-14,40000
58454,Ziya,Zambonelli,Engineer,1999-06-29,9999-01-01,44411
58497,Yechiam,Cairo,Senior Staff,1996-07-12,9999-01-01,90613
58819,Gennady,Liesche,Senior Staff,1987-12-02,9999-01-01,71147
58990,Palash,Trelles,Engineer,1998-11-18,9999-01-01,47785
59195,Ronnie,Pollock,Technique Leader,1990-06-19,9999-01-01,50132
59640,Zita,Hiltgen,Staff,1999-01-26,9999-01-01,45566
59869,Zsolt,Riefers,Senior Staff,1994-09-25,9999-01-01,56247
59966,Steen,Salvesen,Technique Leader,1993-02-03,9999-01-01,40000
60000,Heekeun,Emmart,Engineer,2001-09-22,9999-01-01,60002
60091,Surveyors,Bade,Staff,1990-04-11,1996-04-10,46436
60238,Erzsebet,Claffy,Staff,1997-03-03,9999-01-01,73612
60559,Jeanna,Stemann,Engineer,1988-08-29,1996-08-29,41261
60821,Moty,Mersereau,Staff,1991-09-03,1999-09-03,44481
60845,Bedir,Siegrist,Engineer,1997-05-13,9999-01-01,71431
60875,Rildo,Masaki,Senior Engineer,1997-01-14,9999-01-01,41164
60959,Tetsushi,Sridhar,Senior Staff,1997-01-12,9999-01-01,62352
61147,Leszek,Werthner,Staff,1999-03-03,9999-01-01,64737
61253,Cheong,Uhrik,Engineer,1996-06-04,2001-06-04,40000
61377,Dannz,Ohori,Staff,1988-01-18,1994-01-17,40000
61541,Kasidit,Papsdorf,Engineer,1993-08-17,1999-08-17,49649
61873,Woody,Rusmann,Engineer,2002-02-26,9999-01-01,40000
62033,Heeju,Cappelli,Senior Engineer,1994-01-15,9999-01-01,69343
62046,Karlis,Nanard,Senior Engineer,2001-09-19,9999-01-01,54073
62245,Adel,Bressoud,Engineer,1995-08-30,9999-01-01,40000
63294,Tetsushi,Tanemo,Engineer,1997-03-01,2002-03-01,40000
63419,Hiroyasu,Seuren,Senior Engineer,1989-03-05,9999-01-01,40000
63441,Hinrich,Scallan,Staff,1999-04-04,9999-01-01,40000
63566,Heekeun,Slaats,Senior Staff,1999-01-12,9999-01-01,40000
63631,Falguni,Cherinka,Senior Engineer,1986-09-08,9999-01-01,40000
63706,Sedat,Itzigehl,Engineer,1997-07-31,9999-01-01,46185
64023,Laurentiu,Benzmuller,Senior Engineer,1999-11-08,9999-01-01,45861
64209,Golgen,Schoegge,Senior Staff,1988-02-26,9999-01-01,40000
64487,Tsutomu,Rebaine,Senior Engineer,1994-09-17,9999-01-01,42874
64532,Atilio,Segond,Engineer,1990-11-29,1996-11-28,76024
64632,Zsolt,Brender,Senior Staff,1996-02-21,9999-01-01,74384
64790,Shin,Piveteau,Engineer,1985-04-19,1993-04-19,59783
64828,Krister,Pappas,Staff,1999-09-30,9999-01-01,61091
64984,Eldridge,Eldridge,Engineer,1986-06-24,1991-06-24,40000
65171,Jeane,Tasistro,Technique Leader,1994-07-06,9999-01-01,71349
65539,Aksel,Picaronny,Senior Engineer,1998-01-27,9999-01-01,60784
65883,Patricia,Pepe,Senior Staff,1996-04-18,9999-01-01,93721
65998,Mandell,Alameldin,Senior Staff,1996-04-08,9999-01-01,85937
66382,Domenico,Candan,Engineer,1997-07-13,9999-01-01,55428
66530,Dung,Leaver,Staff,1998-04-04,9999-01-01,40000
66643,Jianhao,Tomescu,Engineer,1996-08-26,9999-01-01,41133
66702,Deniz,Thibadeau,Engineer,1994-09-27,2000-09-26,52161
66757,Yonghong,Baig,Staff,1999-04-10,9999-01-01,46812
66807,Aiman,Rosaz,Senior Engineer,1999-05-22,9999-01-01,50982
67320,Sadok,Lorys,Senior Staff,1987-05-10,9999-01-01,89952
67548,Fumitaka,Roohalamini,Staff,1998-06-27,9999-01-01,40000
67934,Aiman,Gargeya,Engineer,1985-03-07,1993-03-07,54347
68416,Munenori,Debuse,Senior Engineer,1990-11-08,9999-01-01,54132
68608,Yucai,Seghrouchni,Senior Engineer,1994-06-09,9999-01-01,47652
68633,Chinhyun,Rassart,Senior Engineer,1993-07-29,9999-01-01,60777
68648,Jaques,DiGiano,Technique Leader,1992-04-01,9999-01-01,55150
69052,Shietung,Shrader,Senior Staff,1995-08-05,9999-01-01,42091
69219,Shuky,Redmiles,Senior Staff,1994-07-06,9999-01-01,75769
69867,Miyeon,Rothe,Senior Staff,1997-04-08,9999-01-01,82080
69878,Chinya,Cooke,Engineer,1997-01-29,9999-01-01,46063
69936,Lalit,Unni,Assistant Engineer,1998-12-06,9999-01-01,50124
70469,Tru,Miyakawa,Staff,1990-09-03,1998-09-03,49746
70990,Arumugam,Nitta,Senior Engineer,1990-03-23,9999-01-01,56701
71066,Domenick,Basart,Staff,1996-01-05,2001-01-04,78430
71141,Sajjad,Vitiello,Senior Staff,1997-02-16,9999-01-01,40000
71188,Pranjal,Schapiro,Staff,1986-12-14,1993-12-14,64557
71243,Kinh,Buchter,Engineer,1986-03-29,1993-03-29,51345
71334,Cathie,Peck,Senior Engineer,1998-04-12,9999-01-01,40000
71685,Kristinn,Olano,Senior Engineer,1989-10-03,9999-01-01,40000
71710,Hitomi,Takanami,Assistant Engineer,1997-12-15,9999-01-01,43204
71745,Adil,Laventhal,Assistant Engineer,1992-05-13,2001-05-13,40000
72190,Sajjad,Waeselynck,Engineer,1999-09-13,9999-01-01,43105
72194,Feiyu,Siepmann,Senior Engineer,1998-10-01,9999-01-01,70267
72232,Naraig,Veldwijk,Senior Engineer,1996-07-10,9999-01-01,61027
72640,Honglan,Hutton,Engineer,1993-10-04,1998-10-04,40000
72918,Takahira,Szilard,Staff,1988-01-16,1993-01-15,73810
73076,Froduald,Feldhoffer,Senior Engineer,1993-03-16,9999-01-01,44141
73233,Shigeo,Merey,Senior Engineer,1985-07-30,9999-01-01,43651
73516,Qingxiang,Badache,Senior Engineer,1996-06-25,9999-01-01,40000
73743,Anneke,Bernardeschi,Engineer,1999-11-01,9999-01-01,40000
74200,Holgard,Weiland,Senior Engineer,1991-09-24,9999-01-01,40000
74344,Hiroyasu,Provine,Engineer,1994-11-25,9999-01-01,40000
74668,Masako,Bonifati,Senior Staff,1987-04-09,9999-01-01,56031
74800,Yuuichi,Conde,Senior Engineer,1999-03-08,9999-01-01,40000
75354,Shuky,Jakobus,Engineer,1986-06-16,1993-06-16,40000
75703,Kyoichi,Erman,Senior Engineer,2001-07-25,9999-01-01,40000
76189,Kolar,Hinsberger,Engineer,1986-10-20,1994-10-20,47490
76201,Arif,Preusig,Senior Engineer,1992-04-02,9999-01-01,45799
76640,Tristan,Mitsuhashi,Senior Engineer,2000-07-12,9999-01-01,40000
77030,Faiza,Garnham,Technique Leader,1986-03-02,9999-01-01,47503
77303,Xinglin,Birge,Senior Staff,2001-03-05,9999-01-01,48808
77647,Niranjan,Schaaf,Technique Leader,1989-11-05,9999-01-01,42981
77815,Ronghao,Picaronny,Assistant Engineer,1993-06-09,2002-06-09,46164
78106,Ashish,Ratnaker,Senior Staff,1986-11-10,9999-01-01,73059
78363,Susumu,Fritzsche,Engineer,1998-06-23,9999-01-01,40030
78469,Leucio,Cappelli,Staff,1997-08-22,9999-01-01,40000
78871,Conor,Ghandeharizadeh,Senior Engineer,1985-05-25,9999-01-01,63067
79043,Katsuo,Hockney,Technique Leader,1999-11-07,9999-01-01,62200
79171,Guiseppe,Ellozy,Senior Engineer,1991-01-12,9999-01-01,44193
79310,Jeong,Cunliffe,Senior Staff,1996-10-27,9999-01-01,43707
79606,Arnd,Peir,Senior Engineer,1986-12-11,9999-01-01,50381
79763,Sanjoy,Barreiro,Senior Staff,1996-04-09,9999-01-01,80428
79895,Fei,Murtagh,Senior Staff,1986-01-19,9999-01-01,51534
80067,Kazuhisa,Weiland,Staff,1985-11-09,1991-11-09,40000
80203,Shakhar,Baik,Staff,1993-12-01,9999-01-01,41466
80432,Stella,Figueira,Senior Staff,1998-03-14,9999-01-01,56584
80731,Shaowen,Eldridge,Senior Staff,1994-12-05,9999-01-01,54475
80850,Koldo,Luit,Engineer,1995-04-16,2001-04-15,55815
80889,Shigeo,Linnainmaa,Senior Engineer,1985-07-30,9999-01-01,60339
80948,Harjit,Bardell,Engineer,1991-05-24,1996-05-23,40000
81105,Jaewon,Boissier,Senior Engineer,1998-05-24,9999-01-01,51686
81545,Larisa,Kornyak,Technique Leader,1996-03-10,9999-01-01,40000
81644,Divine,Ghandeharizadeh,Staff,1997-11-28,9999-01-01,96620
81995,Sreekrishna,Brender,Engineer,1990-03-22,1996-03-21,41280
82069,Yechezkel,Perfilyeva,Engineer,1994-11-03,2000-11-02,40000
82098,Poornachandra,Wilharm,Senior Engineer,1998-04-20,9999-01-01,65236
82351,Stevo,Thambidurai,Senior Staff,1989-10-27,9999-01-01,40000
82511,Uwe,Koblick,Engineer,1998-04-04,9999-01-01,40000
82919,Shigeu,Claffy,Engineer,1998-02-03,9999-01-01,40000
82928,Alselm,Rikino,Senior Engineer,1997-11-16,9999-01-01,60112
83280,Francesca,Ellozy,Senior Engineer,1999-08-08,9999-01-01,53451
83289,Shigeichiro,Engelmann,Engineer,1994-01-09,2000-01-09,40000
83509,Breannda,Collavizza,Engineer,1989-10-12,1994-10-12,40000
83544,Leaf,Baak,Staff,1994-09-05,2001-09-05,64345
83714,Ohad,Kilgore,Senior Engineer,1997-07-01,9999-01-01,43736
83805,Manohar,Harllee,Senior Engineer,1987-03-11,9999-01-01,81354
83941,Zsolt,Hagimont,Staff,1996-10-08,2001-10-08,40000
84029,Babette,Eugenio,Staff,1997-09-21,9999-01-01,40000
84179,Shuichi,Nanard,Senior Engineer,1989-03-14,9999-01-01,40000
84236,Eberhardt,Barriga,Staff,1987-06-04,1993-06-03,79481
84315,Kristina,Baumann,Assistant Engineer,1996-09-26,9999-01-01,40000
84451,Shiv,Aumann,Senior Engineer,1998-06-14,9999-01-01,52930
84508,Tommaso,Vidya,Engineer,1998-05-02,9999-01-01,40000
84840,Sverrir,Neimat,Staff,1996-11-03,9999-01-01,40000
84922,Parke,Unno,Engineer,1996-07-01,9999-01-01,40000
84942,Shin,Fujisaki,Technique Leader,1988-02-23,9999-01-01,40000
85216,Ferdinand,Rosiles,Senior Staff,1997-07-08,9999-01-01,50873
85288,Younwoo,Luders,Engineer,1995-03-31,2002-03-31,59922
85414,Chiradeep,Callaway,Staff,1999-07-30,9999-01-01,46065
85445,Yongdong,Pollock,Staff,1998-03-17,9999-01-01,64616
85702,Udi,Merks,Engineer,1997-08-15,9999-01-01,46279
85874,Pasqua,Taubman,Senior Staff,1986-06-23,9999-01-01,45034
86213,Kristine,Clemencon,Senior Staff,1996-04-21,9999-01-01,58095
86354,Ronghao,Segond,Senior Engineer,1993-09-13,9999-01-01,66984
86422,Jaewon,Thummel,Senior Staff,1992-09-14,9999-01-01,40000
86546,Oldrich,Woycyznski,Engineer,1985-05-15,1990-05-15,40000
86655,Zhenhua,Lorys,Engineer,1995-08-21,9999-01-01,42987
86672,JoAnne,Anido,Staff,1995-09-15,9999-01-01,40000
87129,Keung,Neiman,Staff,1997-04-13,9999-01-01,63824
87353,Quingbo,Coombs,Senior Engineer,1999-01-17,9999-01-01,54168
87714,Khun,Janetzko,Assistant Engineer,1989-09-13,1998-09-13,40000
87729,Yongmin,Roccetti,Senior Staff,1991-12-10,9999-01-01,40000
87783,Conor,Thorensen,Senior Engineer,1988-02-24,9999-01-01,61557
88103,Goo,Bresenham,Senior Staff,1999-01-31,9999-01-01,81862
88411,Lena,Cannane,Engineer,2000-01-28,9999-01-01,40000
88422,Jungsoon,Birsak,Technique Leader,1985-04-03,9999-01-01,67886
88647,Vasiliy,Ratnaker,Engineer,1995-08-09,9999-01-01,47900
88958,Vojin,Coombs,Staff,1995-07-23,2002-07-23,68392
88965,Mang,Hedayat,Engineer,1995-05-22,9999-01-01,45594
89048,Otmar,Birjandi,Senior Engineer,1992-03-23,9999-01-01,60750
89090,Tetsushi,Theuretzbacher,Staff,1990-02-01,1995-02-01,47091
89161,Conal,Yetto,Senior Staff,1999-01-12,9999-01-01,40000
89207,Along,Erol,Staff,1992-10-16,1999-10-17,40000
89346,Mansur,Comyn,Engineer,1999-08-31,9999-01-01,45781
89590,Guther,Rothenberg,Senior Staff,2000-08-07,9999-01-01,67868
89664,Pranjal,Rossi,Staff,1998-07-07,9999-01-01,59064
89680,Aiman,Mawatari,Senior Engineer,1997-05-01,9999-01-01,40000
89806,Xiadong,Shinomoto,Engineer,1997-05-24,2002-05-24,40000
89922,Alexius,Ibel,Senior Engineer,1993-04-24,9999-01-01,62911
89941,Arnould,Weedman,Senior Staff,1989-07-28,9999-01-01,55028
90077,Vivian,Guerreiro,Engineer,1998-07-08,9999-01-01,45948
90084,Renny,Bale,Senior Engineer,1996-11-22,9999-01-01,45685
90211,Bader,Denis,Engineer,1997-10-06,9999-01-01,40000
90292,Koichi,Assaf,Senior Engineer,1998-05-26,9999-01-01,40491
90518,Fumiko,Chepyzhov,Senior Staff,1997-01-27,9999-01-01,42375
90614,Yonghoan,Trogemann,Engineer,1997-09-23,9999-01-01,44589
90692,Rajmohan,DasSarma,Senior Staff,1990-09-14,9999-01-01,40000
91172,Kazuhisa,Melter,Staff,1987-07-16,1993-07-15,40000
91182,Lucien,Schwartzburd,Engineer,1988-08-25,1994-08-25,44702
91229,Yahiko,Hebden,Engineer,1996-10-03,2001-10-03,40000
91256,Gunilla,Milicic,Staff,1998-01-09,9999-01-01,81518
91333,Lobel,Stafford,Staff,1998-11-29,9999-01-01,54313
91415,Jamaludin,Nilsson,Staff,1987-01-15,1994-01-15,50426
91648,Dmitry,Msuda,Staff,1988-10-22,1997-10-22,84094
92438,Aria,Kilgore,Engineer,1989-02-27,1996-02-28,54543
92454,Visit,McFarlan,Senior Engineer,1996-10-21,9999-01-01,40000
92577,Zhanqiu,Farrow,Assistant Engineer,1999-01-10,9999-01-01,40000
92598,Ranga,Merro,Assistant Engineer,1996-05-11,9999-01-01,56144
92685,Mang,Atchley,Senior Staff,1995-06-07,9999-01-01,55634
92841,Claude,Candan,Senior Staff,1993-08-04,9999-01-01,78441
92846,Anyuan,Kropatsch,Senior Staff,1993-09-05,9999-01-01,44033
92920,Huei,Hutter,Engineer,1993-01-28,2000-01-29,40000
93040,Jaques,Kabayashi,Senior Engineer,1992-03-13,9999-01-01,56125
93220,Richara,Walston,Senior Engineer,1996-08-27,9999-01-01,47553
93278,Magdalena,Penn,Senior Engineer,2002-01-04,9999-01-01,49314
93549,Arie,Coullard,Staff,1991-04-15,1998-04-15,81468
93600,Kristina,Neimat,Technique Leader,1988-04-18,9999-01-01,40000
94331,Ramzi,Cronau,Technique Leader,1999-09-03,9999-01-01,40000
94416,Aran,Cesareni,Senior Staff,1990-02-10,9999-01-01,61048
94761,Hitofumi,Zaccaria,Senior Engineer,1997-11-22,9999-01-01,48772
94944,Heping,Matheson,Senior Engineer,1997-06-24,9999-01-01,57985
95181,Yishai,Cappelli,Staff,1997-01-30,9999-01-01,66810
95286,Kristin,Guerreiro,Engineer,1989-08-23,1997-08-23,40000
95314,Rasiah,Koblick,Staff,1991-08-21,1999-08-21,69833
95406,Alair,Lyonns,Engineer,1997-07-12,9999-01-01,40000
95416,Gianluca,Ramaiah,Engineer,1993-11-29,9999-01-01,51499
95509,Kristinn,Loncour,Engineer,1995-02-08,9999-01-01,40000
95920,Nobuyoshi,Hegner,Senior Staff,2001-09-07,9999-01-01,61744
96571,Kokou,Garrabrants,Senior Engineer,1997-11-05,9999-01-01,47390
96579,Mohan,Tasistro,Engineer,1996-02-10,9999-01-01,50866
96767,Arumugam,Vecchio,Engineer,1985-08-14,1992-08-14,68591
97018,Jeanna,Chinen,Engineer,1989-01-01,1994-01-01,44400
97623,Haldon,Janetzko,Staff,1990-09-11,1996-09-10,45153
97661,Avishai,Hegner,Senior Staff,2002-05-08,9999-01-01,46725
98288,Sumali,Huttel,Senior Staff,1997-09-12,9999-01-01,43445
98306,Ziya,Kadhim,Senior Engineer,1995-11-02,9999-01-01,58503
98639,Florina,Assaf,Staff,1996-05-18,9999-01-01,40000
99057,Shugo,Reeken,Staff,1999-06-21,9999-01-01,40000
99373,Xiaobin,Christianini,Staff,1985-12-25,1991-12-25,40000
99377,Carrsten,Francisci,Senior Engineer,1991-06-16,9999-01-01,51127
99590,Dhritiman,Anily,Staff,1998-12-16,9999-01-01,86023
99654,Mahendra,Motley,Senior Staff,1992-09-28,9999-01-01,58667
100865,Hisao,Peral,Engineer,1990-10-03,1998-10-03,84451
100916,Heejo,Aamodt,Senior Engineer,2001-04-22,9999-01-01,58123
101487,Abdelaziz,Sury,Staff,1991-01-31,1999-01-31,60348
101647,Mori,Homond,Senior Staff,2000-05-09,9999-01-01,69247
101902,Mantis,Millington,Senior Staff,1997-03-17,9999-01-01,58037
102620,Adin,Templeman,Engineer,1997-12-10,9999-01-01,45060
103196,Djenana,Albarhamtoshy,Senior Staff,1993-07-16,9999-01-01,40000
103310,Visit,Swen,Staff,1995-10-02,2000-10-01,66244
103316,Susanne,Peternell,Senior Engineer,1999-07-27,9999-01-01,45189
103342,Beshir,Hellwagner,Engineer,1998-02-03,9999-01-01,40000
103756,Heping,Halloran,Engineer,2001-04-08,9999-01-01,40000
104133,Pranjal,Zyda,Staff,1991-07-03,1998-07-03,92751
104845,Werner,Lodder,Senior Staff,1998-06-17,9999-01-01,54489
104988,Parviz,Litzler,Senior Engineer,1999-08-09,9999-01-01,71970
105342,Kwun,Reeker,Technique Leader,1999-07-29,9999-01-01,61529
105356,Diederik,Matzov,Senior Engineer,1996-05-12,9999-01-01,43737
105432,Mohamadou,Stafford,Senior Engineer,2000-09-11,9999-01-01,55985
105520,Haldun,Lienhardt,Senior Staff,1987-01-29,9999-01-01,71995
105731,Sachem,Cromarty,Engineer,1996-08-19,9999-01-01,48369
106096,Naftali,Schurmann,Engineer,1992-12-02,1999-12-03,40000
106242,Nevio,Thisen,Senior Staff,1994-03-25,9999-01-01,40000
106695,Lijie,Garrabrants,Senior Staff,1990-10-02,9999-01-01,52364
106710,Babette,Anandan,Staff,1986-11-22,1993-11-22,60537
107486,Siamak,Luiz,Senior Engineer,1987-02-11,9999-01-01,40000
107737,Fabrizio,Chleq,Senior Engineer,1999-07-31,9999-01-01,70367
107792,Shahab,Crooks,Senior Staff,2001-03-18,9999-01-01,80432
107828,Ramya,Walston,Senior Staff,1995-02-03,9999-01-01,78757
108091,Hisao,Ghemri,Senior Staff,1990-11-14,9999-01-01,56381
108198,Randi,Samarati,Senior Staff,1999-10-21,9999-01-01,42904
108316,Shai,Stellhorn,Senior Engineer,1992-05-21,9999-01-01,40000
108988,Oksana,Baek,Senior Staff,1997-07-20,9999-01-01,60335
109062,Jamaludin,Kandlur,Senior Engineer,1992-06-19,9999-01-01,45396
109211,Gor,Delgrande,Engineer,1995-11-07,2001-11-06,40000
109252,Moty,Winter,Technique Leader,1991-04-28,9999-01-01,40000
109278,Bangqing,Schach,Senior Staff,1996-03-22,9999-01-01,57911
109552,Menkae,Etalle,Engineer,2002-05-21,9999-01-01,49886
109598,Stamatina,Auyong,Senior Staff,1988-07-05,9999-01-01,59483
109620,Mani,Cannata,Staff,1989-06-21,1995-06-21,68293
109703,Arco,Walston,Engineer,1999-08-16,9999-01-01,46705
109741,Hatem,Fadgyas,Senior Engineer,1991-11-13,9999-01-01,40000
109953,Godehard,Chorvat,Staff,1988-04-10,1996-04-10,56632
200267,Chuanti,Luff,Senior Staff,2000-09-20,9999-01-01,40000
200312,Akemi,Fujisaki,Senior Engineer,1998-06-25,9999-01-01,40000
200363,Kirk,Quaggetto,Engineer,1987-06-30,1995-06-30,54013
200735,Dinah,Denos,Staff,1992-09-21,2001-09-21,65769
200789,Susumu,Camurati,Senior Staff,1997-12-14,9999-01-01,65044
201229,Alejandra,Khasidashvili,Staff,1994-07-30,9999-01-01,49086
201708,Anneli,Perl,Senior Staff,2000-09-08,9999-01-01,40000
201709,Fan,Kakkad,Staff,1988-02-25,1993-02-24,78121
201739,Genta,Terekhov,Assistant Engineer,1998-07-21,9999-01-01,57310
201801,Waiman,Genin,Senior Engineer,1995-10-30,9999-01-01,50795
201915,Sudharsan,DeMori,Engineer,1992-03-30,1997-03-30,62133
202291,Ortrun,Schmiedel,Engineer,1997-07-18,9999-01-01,63773
202403,Gully,Perko,Engineer,1999-07-07,9999-01-01,40000
202414,Zvonko,Murthy,Senior Staff,1992-01-07,9999-01-01,50945
202552,Morris,Saoudi,Senior Engineer,1998-11-22,9999-01-01,40000
202826,Kerhong,Matzke,Engineer,1986-11-14,1993-11-14,40000
202882,Isaac,Koshino,Senior Engineer,1995-09-28,9999-01-01,40000
202950,Giordano,Pietrzykowski,Senior Staff,1987-03-26,9999-01-01,40000
203474,Hugh,Jonsson,Staff,1991-07-06,1997-07-05,71401
203495,Zongyan,Gips,Technique Leader,1997-05-31,9999-01-01,40000
203599,Ewing,DiGiano,Technique Leader,2000-02-01,9999-01-01,41382
203720,Sasan,Thimonier,Senior Staff,1996-08-21,9999-01-01,72078
203946,Yefim,Marwedel,Staff,1993-03-30,1999-03-30,56594
204117,Jessie,Nooteboom,Staff,1999-08-13,9999-01-01,80942
204133,Susuma,Bergere,Senior Staff,1996-02-25,9999-01-01,56752
204246,Arve,Worfolk,Senior Staff,1990-04-01,9999-01-01,40000
204425,Gretta,Huttel,Senior Engineer,1990-10-08,9999-01-01,40000
204470,Hein,Lichtner,Staff,1995-04-03,2001-04-02,55499
204471,Franziska,Maginnis,Senior Engineer,1992-02-17,9999-01-01,40000
204764,Susanne,Mandelberg,Engineer,1990-11-02,1996-11-01,47854
205018,Yahiko,Awdeh,Engineer,1998-08-05,9999-01-01,55086
205085,Moni,Kornyak,Technique Leader,1991-09-26,9999-01-01,43219
205174,Leszek,Spinelli,Staff,1998-12-10,9999-01-01,55525
205500,Mary,Setiz,Senior Engineer,1989-01-13,9999-01-01,40000
205627,Stabislas,Broder,Senior Engineer,2001-07-16,9999-01-01,40000
205660,Kien,Barreiro,Staff,1997-08-25,9999-01-01,40000
205699,Youjian,Yetto,Senior Staff,2000-12-06,9999-01-01,55096
205789,Limsoon,Skafidas,Senior Staff,1999-08-10,9999-01-01,49886
205863,Aiichiro,Kusalik,Engineer,1990-10-04,1996-10-03,48877
206748,Yucai,Fabrizio,Staff,1999-10-06,9999-01-01,62756
206836,Guadalupe,Pfau,Staff,1993-03-22,2001-03-22,48691
206966,Tzu,Sichman,Senior Engineer,1992-11-16,9999-01-01,61861
207021,Jacqueline,Akaboshi,Engineer,1997-12-06,9999-01-01,46523
207068,Zhiguo,Ariola,Senior Staff,1994-09-07,9999-01-01,63190
207204,Kellie,Schrooten,Assistant Engineer,1991-01-17,1999-01-17,40000
207401,Shuji,Barbanera,Staff,1987-08-10,1993-08-09,47070
207551,Baziley,Falck,Assistant Engineer,1995-02-18,9999-01-01,40000
207779,Chinya,Kamble,Senior Staff,1992-05-31,9999-01-01,48113
207980,Remko,Vieth,Senior Staff,1999-11-22,9999-01-01,40000
208147,Manu,Rothenberg,Senior Engineer,1995-12-07,9999-01-01,57788
208330,Shen,Flanders,Staff,1989-07-03,1997-07-03,80127
208639,Larisa,Lukaszewicz,Senior Staff,1994-10-10,9999-01-01,64461
208653,Phillip,Schade,Senior Engineer,1998-03-03,9999-01-01,54926
208784,Pranjal,Juneja,Senior Engineer,1985-03-21,9999-01-01,40000
209101,Xinyu,Edelhoff,Senior Engineer,1997-10-26,9999-01-01,50790
209443,Krassimir,Garnier,Senior Staff,1998-01-26,9999-01-01,54723
209565,Dante,Covnot,Senior Staff,1998-05-28,9999-01-01,40000
209712,Nimmagadda,Baak,Engineer,1995-10-30,9999-01-01,65975
210017,Shalesh,Lovengreen,Senior Staff,1996-09-28,9999-01-01,40000
210292,Lihong,Zeilberger,Staff,1996-04-28,9999-01-01,42520
210449,Gino,Lagarias,Engineer,1997-06-22,9999-01-01,47376
210752,Saniya,Stenning,Staff,1986-12-10,1991-12-10,47970
210786,Werner,Ranze,Staff,1998-06-05,9999-01-01,52846
211858,Domenico,Ratnaker,Engineer,1985-03-24,1993-03-24,43498
211879,Gao,Ranze,Engineer,1994-11-24,1999-11-24,40000
211967,Anwar,Bain,Senior Engineer,1998-01-22,9999-01-01,40704
212093,Leni,Henders,Staff,1993-11-19,1999-11-19,40000
212154,Sailaja,Holburn,Staff,1991-03-04,1997-03-03,41645
212361,Claudi,Stanfel,Engineer,1996-01-07,2001-01-06,40000
213016,Yongmao,Fontan,Senior Engineer,1998-07-26,9999-01-01,40596
213140,Tru,Danecki,Staff,1997-03-31,9999-01-01,72365
213384,Pranas,Narwekar,Engineer,1985-09-26,1993-09-26,41608
213447,Armond,Perly,Engineer,1989-09-14,1996-09-14,57808
214215,Xiaoqiang,Cardazo,Senior Staff,1993-05-28,9999-01-01,90603
214391,Rayond,Klassen,Senior Staff,1999-09-11,9999-01-01,46462
214427,Peer,Molberg,Engineer,1996-11-17,9999-01-01,62160
214539,Ingmar,Kohling,Engineer,1995-04-25,9999-01-01,64488
214634,Shirish,Vickson,Engineer,1989-10-24,1997-10-24,48826
214789,Arfst,Chepyzhov,Senior Engineer,1997-02-06,9999-01-01,40000
214866,Gopalakrishnan,Angel,Senior Engineer,2002-07-05,9999-01-01,40000
214995,Dinkar,Hoppenstand,Engineer,1994-05-04,9999-01-01,40000
215419,Flemming,Kroha,Staff,1995-01-23,9999-01-01,40000
215629,Munehiro,Manders,Senior Staff,1995-05-18,9999-01-01,40000
215746,Sven,Speer,Staff,1999-07-08,9999-01-01,79967
215843,Pramod,Loncour,Staff,1987-03-31,1993-03-30,47164
216054,Sahrah,Angiulli,Staff,1986-07-31,1991-07-31,40000
216342,Aiichiro,Cromarty,Senior Engineer,2000-06-09,9999-01-01,40000
216375,Byong,Gustavson,Senior Engineer,1985-03-12,9999-01-01,59674
216502,Xiaocheng,Suermann,Engineer,1997-12-15,9999-01-01,63256
216573,Ashish,Vidya,Engineer,1989-06-16,1995-06-16,41448
216921,Lena,Lenart,Staff,1990-12-25,1995-12-25,51601
217026,Otmar,Engberts,Senior Staff,1998-08-16,9999-01-01,51335
217080,Masami,Puoti,Senior Engineer,2000-01-21,9999-01-01,40000
217272,Yuchang,Eldridge,Senior Staff,1991-08-01,9999-01-01,56909
217286,Yannik,Spelt,Technique Leader,1992-09-22,9999-01-01,40000
217320,Abdelwaheb,Denis,Engineer,1993-09-10,9999-01-01,40000
217363,Horward,Marzano,Staff,1996-04-11,9999-01-01,74333
217387,Jianhao,Molenaar,Engineer,1987-10-22,1994-10-22,40000
217551,Panayotis,Lukaszewicz,Engineer,1989-06-06,1995-06-06,41730
217800,Shay,Servieres,Senior Staff,1998-08-06,9999-01-01,52924
218022,Mokhtar,Poupard,Technique Leader,1992-02-02,9999-01-01,46593
218100,Jiong,Garnham,Staff,1990-01-02,1999-01-02,40000
218831,Unal,DuBourdieux,Engineer,1996-03-13,9999-01-01,99378
219035,Kristine,Bierman,Technique Leader,1988-05-13,9999-01-01,40000
219047,Aemilian,Kusalik,Engineer,1987-05-27,1995-05-27,40000
219052,Marsal,Acton,Staff,1995-08-02,9999-01-01,62703
219417,Subhrajyoti,Denna,Staff,1996-07-25,9999-01-01,47152
219497,Moie,Zastre,Technique Leader,1991-10-11,9999-01-01,40929
219967,Susanna,Reeken,Senior Staff,1998-03-16,9999-01-01,47439
220029,Demos,Asser,Senior Engineer,1985-11-04,9999-01-01,43792
220131,Reinhard,Slaats,Senior Engineer,1999-06-08,9999-01-01,48012
220418,Poorav,Laventhal,Staff,1997-08-16,9999-01-01,73906
220528,Sibyl,Rabehasaina,Senior Staff,1998-02-23,9999-01-01,42934
220582,Poornachandra,Zielinski,Staff,1996-02-13,2001-02-12,54228
220611,Yuping,Babb,Staff,1995-01-31,2002-01-31,40000
220625,Shigenori,Deville,Technique Leader,1992-12-24,9999-01-01,40000
220699,Nahid,Gyimothy,Staff,1995-08-18,9999-01-01,40000
220799,Perla,Orlowska,Senior Engineer,1990-12-03,9999-01-01,51087
221126,Tesuya,dAstous,Senior Engineer,1995-11-30,9999-01-01,40000
221367,Saddek,Farris,Senior Staff,1990-11-06,9999-01-01,42249
221369,Abdulah,Pocchiola,Engineer,1996-08-28,9999-01-01,52230
221435,Djenana,Marrevee,Senior Engineer,2000-02-06,9999-01-01,68650
221973,Sangeeta,Kalefeld,Staff,1990-06-06,1996-06-05,59010
222206,Stein,Uludag,Senior Staff,1995-01-30,9999-01-01,40000
222311,Miyeon,Billingsley,Senior Engineer,1992-12-05,9999-01-01,53877
222319,Matt,Chvatal,Senior Engineer,1994-11-09,9999-01-01,40000
222354,Valdiodio,Schlumberger,Engineer,2001-08-07,9999-01-01,40000
222616,Badri,Schapire,Assistant Engineer,1998-01-19,9999-01-01,40000
222770,Kazuhiko,Kushner,Senior Engineer,1995-08-01,9999-01-01,49344
222878,Annemarie,Zallocco,Engineer,1990-05-28,1996-05-27,42172
222926,Limsoon,Erol,Senior Engineer,1997-12-31,9999-01-01,40000
222952,Gopalakrishnan,Suermann,Senior Engineer,1998-04-30,9999-01-01,51100
222998,Leaf,Awdeh,Senior Staff,1991-02-20,9999-01-01,51391
223593,Hidefumi,Moehrke,Staff,1998-03-04,9999-01-01,56912
223595,Chiranjit,Dredge,Technique Leader,1999-09-05,9999-01-01,44999
224135,Annemarie,Bressoud,Engineer,1998-06-23,9999-01-01,43178
224335,Perry,Chachaty,Engineer,1985-07-22,1992-07-22,54702
224390,True,Shobatake,Senior Staff,1996-05-17,9999-01-01,40000
224934,George,Miake,Staff,1988-01-02,1996-01-02,40000
225438,Remmert,Quaggetto,Staff,1992-04-28,1997-04-28,78303
225601,Masasuke,Genin,Assistant Engineer,1994-06-25,1999-06-25,40000
225788,Ipke,Kieras,Engineer,1995-12-18,9999-01-01,40000
225867,Ramalingam,Remmele,Senior Engineer,1999-09-03,9999-01-01,40000
225964,Mooi,Cooman,Engineer,1989-06-07,1998-06-07,52478
226216,Giordano,Gini,Technique Leader,1993-08-14,9999-01-01,40000
226227,Herbert,Erva,Senior Engineer,1995-09-06,9999-01-01,55409
227354,Gio,Murtha,Senior Engineer,1994-11-11,9999-01-01,49256
227476,Macha,Schnabel,Senior Engineer,1996-05-11,9999-01-01,73795
227681,Mikhail,Rousseau,Staff,1998-11-30,9999-01-01,45519
227899,Garnik,Luce,Staff,1998-09-15,9999-01-01,61605
227901,Francesca,Azuma,Senior Staff,2001-06-08,9999-01-01,40000
228098,IEEE,Kroll,Engineer,1997-05-10,9999-01-01,40000
228248,Yuriy,Plump,Senior Staff,1995-09-09,9999-01-01,54431
228554,Bilhanan,Brendel,Senior Staff,1990-12-23,9999-01-01,71741
228766,Nahla,Smailagic,Engineer,1991-11-22,1996-11-21,86747
229098,Berry,Yurek,Senior Staff,1995-08-16,9999-01-01,41874
229220,Fabrizio,Lichtman,Engineer,1987-02-09,1992-02-09,40000
229248,Harjit,Terekhov,Staff,1995-10-19,9999-01-01,40000
229386,Pohua,Tasistro,Technique Leader,1989-06-02,9999-01-01,60980
229391,Paloma,Henseler,Senior Engineer,1997-06-10,9999-01-01,50035
229404,Gilbert,Kilgour,Staff,1996-04-05,9999-01-01,55086
229547,Moni,Schach,Senior Staff,1991-07-04,9999-01-01,61762
229727,Ewing,Millington,Engineer,1999-09-28,9999-01-01,43638
229981,Jamaludin,Fordan,Senior Engineer,2001-02-05,9999-01-01,56315
230002,Tadahiro,Backhouse,Engineer,1991-10-02,1999-10-02,84438
230126,Bezalel,Radivojevic,Staff,1988-07-02,1995-07-03,40000
230287,Renny,Alameldin,Assistant Engineer,1997-09-28,9999-01-01,40000
230354,Yinghua,Lorho,Senior Staff,2000-08-08,9999-01-01,40000
230498,Kolar,Puppo,Senior Engineer,1998-04-25,9999-01-01,40000
230579,Shahar,Negoita,Senior Staff,2000-03-18,9999-01-01,60150
230689,Dietrich,Crabtree,Senior Staff,1986-05-24,9999-01-01,45823
230865,Takushi,Brattka,Staff,1999-03-09,9999-01-01,61136
231069,Trygve,Siksek,Staff,1995-11-09,9999-01-01,88709
231459,Nectarios,Pramanik,Assistant Engineer,1999-11-18,9999-01-01,55246
231671,Chandrasekaran,Pearson,Staff,1995-04-14,9999-01-01,40000
231798,Goetz,Alvarado,Senior Engineer,1997-12-25,9999-01-01,46062
232178,Etsuo,Anandan,Staff,1989-12-13,1996-12-13,40000
232209,Nitsan,Rouquie,Engineer,1988-08-01,1995-08-02,46339
232697,Barry,Ramsak,Engineer,1990-09-07,1999-09-07,40000
232723,Tesuya,Bugrara,Engineer,2002-02-13,9999-01-01,40000
233114,Alselm,Gargeya,Senior Engineer,1987-12-25,9999-01-01,78365
233394,Khalid,Lenart,Engineer,1995-12-24,9999-01-01,40000
233397,Fay,Sundgren,Staff,1990-07-07,1998-07-07,63272
233426,Etsuo,Usery,Engineer,1995-03-02,2000-03-01,40990
233690,Cedric,Riefers,Engineer,1994-09-08,9999-01-01,47246
233759,Zissis,Lodder,Engineer,1999-09-25,9999-01-01,40000
233765,Kotesh,Chachaty,Engineer,1991-03-25,1997-03-24,47195
233785,Baziley,Ballarin,Senior Staff,1995-07-28,9999-01-01,88012
233818,Kellie,Heydon,Senior Engineer,1991-11-11,9999-01-01,40000
234195,Luerbio,Terkki,Senior Staff,1998-05-14,9999-01-01,50836
234739,Foong,Aamodt,Senior Engineer,1986-06-28,9999-01-01,40000
235017,Irena,Dratva,Senior Staff,1999-09-07,9999-01-01,66452
235096,Sverrir,Gyimothy,Senior Staff,1992-03-20,9999-01-01,75886
235325,Gro,Prochazka,Senior Engineer,1998-10-16,9999-01-01,40000
235368,Anneli,Joslin,Senior Engineer,1987-04-12,9999-01-01,40000
235458,Gio,Heuser,Senior Staff,1999-06-29,9999-01-01,46139
235729,Henk,Anger,Staff,1993-01-19,2002-01-19,52272
235780,Sampalli,Bergere,Senior Engineer,1994-04-08,9999-01-01,40000
235793,Jayesh,Spinelli,Senior Engineer,1992-07-18,9999-01-01,61027
236315,IEEE,Raczkowsky,Technique Leader,1996-07-24,9999-01-01,40000
236566,Yechezkel,Maginnis,Staff,1992-12-11,2000-12-11,40000
236591,Insup,Reinhard,Senior Staff,1993-04-08,9999-01-01,63990
236827,Almudena,Rijckaert,Senior Engineer,1999-02-16,9999-01-01,40000
236883,Huan,Olivero,Staff,1999-11-19,9999-01-01,72410
236964,Adel,Foote,Staff,1998-08-19,9999-01-01,85659
238112,Miomir,Frezza,Technique Leader,1991-05-25,9999-01-01,40000
238252,Uno,Suppi,Staff,1996-12-27,9999-01-01,48008
238422,Vishv,Angelov,Staff,1988-03-08,1996-03-08,40000
238949,Minghong,Cronin,Senior Staff,1987-10-04,9999-01-01,55007
239067,Tadahiko,Pocchiola,Staff,1996-04-02,9999-01-01,90988
239244,Abdulla,Kitai,Senior Staff,1996-02-20,9999-01-01,58738
239415,Susumu,Brender,Engineer,1993-04-17,2001-04-17,48404
239426,Vesna,Fairtlough,Engineer,1994-08-09,9999-01-01,40000
239664,Sugwoo,Michaels,Engineer,1992-08-02,1999-08-03,40000
239706,Arunas,Bugrara,Assistant Engineer,1997-04-03,9999-01-01,58498
239748,Bilhanan,Dusink,Staff,1988-06-04,1996-06-04,69092
239803,Oscal,Ernst,Staff,1992-05-19,1997-05-19,40000
240132,Mizuhito,Kobara,Staff,1996-08-09,2001-08-09,56439
240236,True,Tischendorf,Senior Engineer,1992-01-19,9999-01-01,40000
240285,Kolar,Greenaway,Staff,1998-11-14,9999-01-01,45885
240340,Mack,Staylopatis,Engineer,1985-04-02,1991-04-02,40000
240438,Temple,Cyre,Senior Staff,1999-10-01,9999-01-01,62140
240870,Francesca,Chorvat,Senior Staff,1993-03-03,9999-01-01,40000
241100,Cedric,Molenaar,Engineer,1990-10-06,1999-10-06,40000
241254,Jagoda,Anguita,Senior Engineer,1993-05-11,9999-01-01,40000
241292,Uri,Lampe,Staff,1987-10-17,1994-10-17,42997
241567,Emran,Miara,Senior Engineer,1995-05-02,9999-01-01,40000
241667,Atilio,Olivero,Engineer,1985-09-04,1992-09-04,56580
241728,Limsoon,Boudaillier,Senior Engineer,1995-08-12,9999-01-01,52540
241872,Bluma,Fetvedt,Senior Staff,1997-02-02,9999-01-01,40000
242019,Herb,Murrill,Senior Engineer,1999-09-27,9999-01-01,50527
242081,Tomokazu,Pargas,Engineer,2001-11-15,9999-01-01,50182
242104,Richara,Sudkamp,Staff,1989-09-05,1994-09-05,57772
242500,Bingning,Iisaku,Senior Staff,1997-06-26,9999-01-01,76979
242800,Kazuyasu,Levergood,Engineer,1996-02-10,9999-01-01,46401
243018,Bowen,Deverell,Senior Staff,1998-12-27,9999-01-01,62716
243077,Kazunori,Perz,Senior Engineer,1999-02-25,9999-01-01,54935
243576,Abdulah,Lodder,Senior Staff,2001-11-10,9999-01-01,60593
243637,Marjo,Delgrange,Staff,1990-06-24,1996-06-23,60619
243898,Arch,Basawa,Staff,1998-05-10,9999-01-01,58876
244308,Mokhtar,Rebaine,Staff,1991-07-23,2000-07-22,51276
244605,Masoud,Suwa,Senior Staff,1997-11-25,9999-01-01,40000
244624,Boaz,Seuren,Staff,1987-03-27,1994-03-27,40000
244711,Rosli,Butner,Engineer,1997-03-19,9999-01-01,56130
244714,Poorav,Clouatre,Senior Engineer,1996-05-06,9999-01-01,50839
244820,Shigenori,Hertweck,Engineer,1987-04-13,1994-04-13,54013
244873,Arunachalam,Oppitz,Senior Staff,1994-05-20,9999-01-01,82148
245164,Filipp,Winter,Engineer,1996-10-24,2001-10-24,57847
245396,Gift,Bottner,Senior Staff,2002-03-04,9999-01-01,40000
245664,Manohar,Kilgore,Staff,1998-11-17,9999-01-01,68558
246146,Zhongwei,Melski,Engineer,1987-09-04,1993-09-03,57332
246244,George,Casperson,Staff,2000-01-20,9999-01-01,53305
246364,Alper,Tiemann,Engineer,1998-10-29,9999-01-01,72695
246764,Shuzo,Czaja,Staff,1997-11-29,9999-01-01,71627
246798,Tianruo,Strooper,Senior Staff,1999-10-28,9999-01-01,96152
246902,Shih,Shanbhogue,Staff,1998-04-19,9999-01-01,40000
247089,Seongbae,Schahn,Senior Staff,1997-12-10,9999-01-01,66089
247122,Xiaobin,Narlikar,Senior Staff,1999-02-14,9999-01-01,40000
247447,Tzu,Bakhtari,Senior Engineer,1999-03-18,9999-01-01,45800
247456,Masako,Bahk,Engineer,1997-07-31,9999-01-01,61394
247612,Chiranjit,Constantine,Engineer,1997-05-25,9999-01-01,40000
247875,Xiong,Anick,Senior Staff,1991-04-23,9999-01-01,77461
247888,Abdelghani,Lagarias,Engineer,1985-09-06,1992-09-06,40000
248256,Sajjan,Falby,Staff,1996-08-29,9999-01-01,68786
248351,Jaana,Milicia,Senior Staff,1985-06-02,9999-01-01,55386
248758,Snehasis,Muhlberg,Staff,1991-07-16,1999-07-16,79398
248953,Percy,Sudbeck,Assistant Engineer,1996-08-29,9999-01-01,47201
249239,Hideyuki,Decleir,Senior Engineer,1994-05-04,9999-01-01,40000
249325,Ute,Pokrovskii,Staff,1997-06-09,9999-01-01,82809
249433,Ayonca,Matzov,Senior Engineer,1997-06-03,9999-01-01,50915
249504,Dmitry,Velardi,Engineer,1994-03-01,2000-02-29,40000
249780,Nechama,Gaughan,Assistant Engineer,1986-01-16,1991-01-16,56733
249799,Jolita,Neimat,Senior Engineer,1999-12-27,9999-01-01,41338
249866,Steen,Gubsky,Senior Staff,1998-01-14,9999-01-01,49410
249969,Georgi,Luiz,Senior Engineer,1999-06-10,9999-01-01,73578
250411,Ranga,Sommen,Staff,1989-01-20,1996-01-21,54722
250452,Alexius,Plavsic,Senior Engineer,2000-01-17,9999-01-01,55615
250748,Kish,Turnbull,Senior Engineer,1994-02-10,9999-01-01,40000
251166,Hinrich,Hooghiemstra,Staff,1985-10-05,1993-10-05,74699
251233,Yucel,Bernini,Senior Engineer,1998-02-19,9999-01-01,47919
251301,Pintsang,Impagliazzo,Senior Staff,1989-05-06,9999-01-01,51640
251341,Divier,Kumaresan,Staff,1992-12-05,1998-12-05,40000
251403,Utpal,DuBourdieux,Technique Leader,1997-11-19,9999-01-01,40000
251437,Shichao,Iwayama,Assistant Engineer,1989-10-17,1996-10-17,40000
251645,Bezalel,Tsunoo,Senior Staff,2001-06-17,9999-01-01,54614
251680,Moty,Sommen,Senior Engineer,1990-08-14,9999-01-01,54883
251814,Mitsuyuki,Zockler,Technique Leader,1998-09-14,9999-01-01,42555
252185,Chaosheng,Conta,Assistant Engineer,1997-04-14,2002-04-14,44552
252316,Gill,Niizuma,Senior Engineer,1999-10-08,9999-01-01,46232
252392,Sanjeeva,Peron,Engineer,1993-12-26,1999-12-26,40000
253029,Thodoros,Thimonier,Engineer,1995-04-05,9999-01-01,40000
253707,Insup,Hainaut,Staff,1998-02-11,9999-01-01,57777
253838,Stafford,Terlouw,Assistant Engineer,1999-02-21,9999-01-01,40000
253893,Huiqun,Trystram,Senior Engineer,1993-05-10,9999-01-01,44376
254044,Gunilla,Brendel,Senior Engineer,2000-04-10,9999-01-01,40000
254399,Armond,Lores,Technique Leader,1999-09-16,9999-01-01,58503
254821,Tonny,Couchot,Staff,1994-12-12,9999-01-01,58821
255466,Huan,Roccetti,Senior Engineer,1985-07-03,9999-01-01,53964
255657,Oldrich,Cyre,Senior Engineer,1994-02-10,9999-01-01,40000
255779,Heejo,Merle,Technique Leader,1997-09-04,9999-01-01,40000
256216,Halsur,Brodal,Engineer,1997-11-22,9999-01-01,40000
256856,Hongzue,Barbanera,Staff,1987-06-17,1995-06-17,40000
256881,Ioana,Jakobus,Senior Engineer,1999-08-10,9999-01-01,45924
256888,Heather,Pehl,Staff,1993-09-15,9999-01-01,50006
257062,Stabislas,Pardalos,Engineer,1989-06-21,1997-06-21,53285
257378,Pascal,Bernatsky,Staff,1988-09-03,1995-09-04,45349
257469,Anyuan,Hanratty,Senior Staff,1996-01-06,9999-01-01,53367
257484,Shaowei,Nicolson,Staff,1986-12-07,1995-12-07,40000
258028,Mountaz,Reinhart,Engineer,2000-01-21,9999-01-01,55108
258124,Mariusz,Zolotykh,Senior Staff,1990-07-28,9999-01-01,84665
258470,Weiwu,Butner,Staff,1995-02-14,9999-01-01,98002
258643,Przemyslawa,Esposito,Senior Engineer,2001-02-26,9999-01-01,47581
259042,Xiaoqiang,Farrow,Staff,1997-01-01,9999-01-01,67056
259237,Palash,Gammage,Staff,1987-10-23,1994-10-23,40000
259273,Xiahua,Gomatam,Senior Engineer,1989-12-01,9999-01-01,52325
259611,Shuichi,Marrakchi,Senior Staff,1990-08-21,9999-01-01,57203
259619,Conal,Magliocco,Senior Staff,1992-05-09,9999-01-01,41263
259718,Stepehn,Bouloucos,Staff,1991-09-17,1997-09-16,57915
260153,Mingdong,Baar,Technique Leader,1991-10-14,9999-01-01,71781
260249,Vugranam,Beausoleil,Staff,1998-05-14,9999-01-01,49234
260361,Reinhold,Rahier,Engineer,1995-06-06,9999-01-01,40000
260399,Hatem,Birsak,Senior Staff,1995-04-10,9999-01-01,63485
260408,Sasan,Brookner,Senior Staff,2001-09-03,9999-01-01,40000
260501,Dzung,Pargas,Technique Leader,1990-05-17,9999-01-01,59070
261184,Masako,Kornatzky,Senior Engineer,1987-08-29,9999-01-01,51696
261631,Jianhua,Huttel,Engineer,1998-02-23,9999-01-01,48817
261662,Berni,Assaf,Senior Staff,1989-09-08,9999-01-01,64577
261737,Mark,Lindqvist,Senior Engineer,1997-11-22,9999-01-01,40000
261986,Gila,Ramsak,Senior Engineer,1997-05-13,9999-01-01,50346
261990,Volkmar,Czaja,Staff,1992-04-01,1998-04-01,55592
262208,Mrinalini,Holburn,Senior Staff,1987-04-20,9999-01-01,82779
262210,Chinho,Bottner,Engineer,1992-07-29,1999-07-30,50052
262328,Mayuko,Vural,Staff,1997-12-24,9999-01-01,63741
262439,Lorien,Lagarias,Senior Staff,1994-10-10,9999-01-01,78223
262636,Tamiya,Reutenauer,Senior Engineer,1985-06-02,9999-01-01,62056
262752,Pramod,Bierman,Engineer,1997-12-12,9999-01-01,63602
262928,Piyush,Gill,Senior Engineer,1998-08-31,9999-01-01,40000
263012,Hideo,Buchter,Staff,1999-05-01,9999-01-01,40755
263186,Danny,Lowrie,Technique Leader,1995-09-13,9999-01-01,40000
263370,Shakhar,Ranze,Staff,1999-05-29,9999-01-01,76883
263439,Atreye,Kabayashi,Senior Engineer,1986-12-15,9999-01-01,40000
263645,Mingsen,Lally,Senior Engineer,1990-12-04,9999-01-01,62104
263649,Mechthild,Zongker,Senior Staff,1993-07-26,9999-01-01,67578
263926,Fusako,Schwartzbauer,Staff,1985-04-07,1993-04-07,43694
264030,Zdislav,Solares,Assistant Engineer,1990-12-14,1998-12-14,40000
264167,Baoqiu,Tomescu,Senior Engineer,1996-05-01,9999-01-01,59581
264322,Leandro,Swist,Staff,1991-01-06,1997-01-05,58053
264626,Noritoshi,Bakhtari,Senior Staff,1998-02-03,9999-01-01,40000
264939,Bogdan,Bahi,Engineer,1985-02-09,1992-02-10,40000
265039,Navid,Staudhammer,Senior Staff,2000-10-18,9999-01-01,71928
265521,Kensei,Salverda,Engineer,1993-05-25,2001-05-25,52088
265558,Susuma,Kleiser,Staff,1987-08-02,1994-08-02,79792
265794,Miquel,Halloran,Staff,1994-01-14,2002-01-14,83098
265875,Fan,Marsiglia,Engineer,1989-09-03,1997-09-03,44708
266206,Zsolt,Anily,Senior Staff,1991-08-19,9999-01-01,63169
266249,Sumant,Nishimukai,Senior Staff,1991-03-28,9999-01-01,65301
266310,Zvonko,Serdy,Staff,1987-06-24,1992-06-23,40000
266644,Anwar,Gubsky,Staff,1993-08-09,1999-08-09,40000
266862,Mart,Plumb,Senior Staff,1986-04-21,9999-01-01,40000
266881,Mokhtar,Sabnani,Senior Staff,1997-08-28,9999-01-01,40000
267059,Moie,Tempesti,Staff,1991-06-29,2000-06-28,51878
267227,Susuma,Tagansky,Senior Engineer,2001-01-21,9999-01-01,40000
267304,Jordanka,Axelband,Senior Staff,1994-06-27,9999-01-01,61938
267667,Irena,Kaiserswerth,Staff,1987-09-05,1994-09-05,75381
268043,Narain,Mikschl,Engineer,1997-11-02,9999-01-01,40000
268191,LiMin,Teitelbaum,Senior Engineer,1995-11-01,9999-01-01,53601
269728,Naftali,Kragelund,Staff,1987-05-16,1993-05-15,71296
270084,Ulises,Frolund,Staff,1986-07-26,1993-07-26,40000
270716,Shunichi,Baer,Staff,1998-02-04,9999-01-01,104010
270794,Dannz,Zhang,Senior Staff,1991-06-26,9999-01-01,73566
271106,Taisook,Kampfer,Engineer,1997-11-30,9999-01-01,57783
271219,Odoardo,Tyugu,Engineer,1994-11-07,9999-01-01,40000
272141,Tsutomu,Neiman,Senior Staff,1993-05-05,9999-01-01,40000
272285,Gully,Mitchem,Senior Staff,1995-01-22,9999-01-01,40000
272316,Surveyors,Muhling,Engineer,1999-07-19,9999-01-01,46031
272452,Mitsuyuki,Isard,Engineer,1996-08-17,9999-01-01,60967
272599,Holgard,Hegner,Staff,1993-07-15,1998-07-15,42096
272860,Minghong,Candan,Assistant Engineer,1994-02-10,9999-01-01,40000
273159,Divine,Hofmeyr,Technique Leader,1989-04-14,9999-01-01,40000
273286,Brigham,Asmuth,Engineer,1989-01-23,1996-01-24,43159
273396,Wayne,Baba,Engineer,1998-03-07,9999-01-01,60301
273806,Hongzhu,Beetstra,Senior Staff,2000-01-24,9999-01-01,81637
273858,Gunilla,Matzen,Senior Staff,1995-12-28,9999-01-01,66820
274071,Mingsen,Weiland,Staff,1995-10-12,9999-01-01,40000
274271,Prodip,Ritcey,Staff,1986-09-10,1993-09-10,55623
274369,Ranga,Waymire,Senior Staff,1997-01-27,9999-01-01,44399
274813,Yefim,Pettey,Senior Staff,2000-08-07,9999-01-01,66431
275158,Satyanarayana,Brandsma,Engineer,1999-12-08,9999-01-01,93286
275263,Vojin,Laventhal,Senior Engineer,1999-10-18,9999-01-01,64702
275444,Limsoon,Leppanen,Engineer,1993-01-21,2000-01-22,55338
275495,Shen,Yamaashi,Staff,1995-02-19,9999-01-01,41626
275801,Ayakannu,Heinisuo,Senior Staff,1986-06-28,9999-01-01,70395
275881,Jiann,Munro,Senior Engineer,1988-05-18,9999-01-01,40000
275994,Uma,Prampolini,Senior Engineer,1998-02-21,9999-01-01,40000
276027,Holgard,Stavenow,Senior Staff,1995-02-28,9999-01-01,40000
276184,Mari,Swick,Senior Staff,1991-04-08,9999-01-01,77922
276186,Sajjad,Vecchi,Senior Staff,1998-06-02,9999-01-01,40000
276189,Isaac,Klerer,Senior Staff,2000-03-18,9999-01-01,47945
276445,Atilio,Randi,Senior Engineer,1994-07-02,9999-01-01,63137
276472,Hideyuki,Flanders,Senior Engineer,1994-11-10,9999-01-01,49162
276563,Gift,Solares,Senior Staff,1995-08-01,9999-01-01,40000
276868,Alois,Sanella,Staff,1998-03-13,9999-01-01,61613
277316,Vitali,Rothenberg,Senior Staff,1998-10-04,9999-01-01,86493
277362,Uzi,Kugler,Senior Staff,1991-01-12,9999-01-01,40000
277420,Rayond,Schach,Senior Engineer,2001-04-21,9999-01-01,40000
277777,Herbert,Itzigehl,Senior Engineer,1990-07-04,9999-01-01,40000
277829,Michaela,Fandrianto,Senior Engineer,1986-06-02,9999-01-01,40000
278239,Boaz,Bottner,Staff,1994-02-06,9999-01-01,40000
278386,Caolyn,Poujol,Technique Leader,1995-12-03,9999-01-01,42957
278452,Sudhanshu,Toyoshima,Senior Staff,1993-08-28,9999-01-01,40000
278536,Munenori,Shobatake,Senior Staff,1999-01-10,9999-01-01,70597
278549,Jaana,Werthner,Senior Staff,1997-07-27,9999-01-01,89009
278953,Jeanna,Ghandeharizadeh,Senior Engineer,1990-08-11,9999-01-01,40000
279115,Maren,DuCasse,Engineer,1997-11-29,9999-01-01,55885
279280,Niranjan,Debuse,Senior Engineer,2001-09-21,9999-01-01,40000
279791,Chiranjit,Lyonns,Assistant Engineer,1986-12-24,1995-12-24,40000
280070,Niteen,Ebeling,Senior Staff,1993-03-29,9999-01-01,43684
280291,Lenore,Badache,Staff,1998-11-24,9999-01-01,41617
280420,Jahangir,Hofting,Staff,1986-09-28,1993-09-28,80385
280525,Kish,Herbst,Staff,1996-08-18,9999-01-01,100167
280648,Heeju,Lorys,Engineer,1986-12-27,1992-12-26,61217
281570,Zijian,Covnot,Assistant Engineer,1994-09-13,9999-01-01,50023
281692,Khosrow,Sommen,Senior Engineer,1990-03-03,9999-01-01,45215
281848,Parke,Staylopatis,Engineer,1993-07-31,1999-07-31,40000
281859,Masanao,Papastamatiou,Engineer,1985-11-25,1993-11-25,56239
282191,Alper,Shinomoto,Engineer,1997-10-20,9999-01-01,41448
282333,Nahla,Serdy,Senior Staff,2000-09-09,9999-01-01,40000
282343,Xinglin,Haldar,Senior Staff,1993-07-20,9999-01-01,77230
282547,Nahum,Codenie,Engineer,1999-06-14,9999-01-01,40754
282585,Zijian,Lammel,Staff,1996-07-01,9999-01-01,43246
282894,Fay,Bellmore,Senior Engineer,1998-05-03,9999-01-01,53242
284300,Ishfaq,Mahmud,Senior Staff,1996-11-28,9999-01-01,90644
284431,Pintsang,Fujisawa,Staff,1996-04-16,2002-04-16,65037
284561,Duri,Beznosov,Senior Engineer,1988-02-15,9999-01-01,50960
284687,Oksana,Redmiles,Engineer,1985-06-22,1992-06-22,40000
284691,Theron,Ressouche,Engineer,1988-08-17,1994-08-17,40000
284711,Martijn,Azevdeo,Senior Engineer,1988-02-10,9999-01-01,57721
284717,Gal,Ranta,Engineer,1992-11-07,1997-11-07,40000
284856,Moto,Kobara,Senior Engineer,1998-12-12,9999-01-01,40000
284954,Anneke,Hammerschmidt,Engineer,1996-01-30,9999-01-01,40000
285164,Xiaocheng,Kumaresan,Staff,1994-10-03,9999-01-01,91283
285396,Lena,Kohling,Engineer,1986-10-04,1991-10-04,66793
285905,Kellyn,Bage,Senior Staff,1994-11-04,9999-01-01,51667
285906,Arnould,Buescher,Engineer,1998-03-26,9999-01-01,49297
286026,Utpal,Zaumen,Senior Staff,1997-02-24,9999-01-01,65537
286029,Jaques,Nanard,Staff,1996-07-16,9999-01-01,41827
286370,Toshimitsu,Seuren,Senior Staff,2000-01-19,9999-01-01,45618
286452,Behnaam,Bierbaum,Engineer,1999-01-31,9999-01-01,43036
286573,Nahum,Nishimukai,Engineer,1991-02-02,1997-02-01,40000
286779,Sigeru,Versino,Engineer,1998-08-31,9999-01-01,54400
286986,Woody,Trelles,Senior Engineer,1996-05-23,9999-01-01,55706
287323,Steve,Dengi,Staff,1999-09-15,9999-01-01,73295
287327,Youjian,Felder,Senior Staff,2000-07-15,9999-01-01,58866
287334,Elliott,Speer,Engineer,1998-08-08,9999-01-01,47441
287482,Shigeaki,Gihr,Engineer,1994-03-18,2002-03-18,63479
287583,Jovan,Hockney,Engineer,1990-06-21,1997-06-21,47726
287609,Sailaja,Negoita,Engineer,1994-01-19,2000-01-19,48605
287713,Aamod,Ranka,Senior Staff,1992-12-07,9999-01-01,46369
287808,Vidar,Ozeki,Technique Leader,1996-06-17,9999-01-01,51801
287983,Randi,Munos,Senior Staff,1990-09-07,9999-01-01,83519
287984,Troy,Kobuchi,Engineer,1991-02-12,1999-02-12,45001
288028,Kauko,Narwekar,Senior Engineer,1994-12-16,9999-01-01,50537
288142,Shay,Heystek,Staff,1989-04-01,1995-04-01,67640
288166,Masoud,Asmuth,Staff,1994-09-05,9999-01-01,66034
288560,Yifei,Birjandi,Staff,1994-02-07,1999-02-07,64818
288563,Cristinel,Gerlach,Senior Engineer,2001-01-08,9999-01-01,40000
288606,Susumu,Swiss,Senior Staff,1996-11-14,9999-01-01,93892
288665,Horward,Khasidashvili,Senior Engineer,1998-11-19,9999-01-01,48607
288893,Bedrich,Rosenbaum,Engineer,1991-01-27,1998-01-27,40000
289454,Bowen,Narwekar,Senior Engineer,1985-03-08,9999-01-01,52363
289687,Fai,Maccarone,Senior Staff,1993-10-30,9999-01-01,45390
289807,Soenke,Lemarechal,Staff,1994-09-04,2000-09-03,40000
289909,Hilari,Vecchio,Senior Staff,1998-04-24,9999-01-01,73997
290009,Zijian,Rindone,Senior Staff,1997-07-09,9999-01-01,40000
290075,Boalin,Byoun,Senior Staff,1996-09-30,9999-01-01,49861
290284,Kwangjo,Menhardt,Engineer,1996-01-11,9999-01-01,52459
290441,Gregory,Collavizza,Senior Staff,1993-09-08,9999-01-01,91982
290467,Shaowen,Poulakidas,Staff,1987-04-15,1992-04-14,47812
290478,Tsvetan,Sherertz,Assistant Engineer,1989-08-07,1998-08-07,54683
290563,Shigehiro,Oxenboll,Senior Engineer,1986-02-26,9999-01-01,40000
290769,Lalit,Blokdijk,Senior Engineer,1999-02-01,9999-01-01,44580
291352,Danai,Trelles,Technique Leader,1992-04-17,9999-01-01,55697
291612,Siamak,Gomatam,Engineer,1998-07-08,9999-01-01,40000
291669,Faiza,Bach,Engineer,1999-09-13,9999-01-01,59691
292110,Menkae,Showalter,Engineer,1996-08-09,2001-08-09,53348
292146,Khatoun,Pulkowski,Engineer,1998-01-11,9999-01-01,40000
292210,Masaru,Huhdanpaa,Engineer,1996-11-23,2001-11-23,57954
292404,Hongzue,Zultner,Senior Staff,1990-02-22,9999-01-01,44910
292504,Georgi,Bednarek,Senior Engineer,2002-03-02,9999-01-01,40000
292515,Bernd,Thummel,Assistant Engineer,1989-08-03,1998-08-03,40000
292828,Ziya,Tokunaga,Engineer,1986-01-08,1995-01-08,40000
293080,Hideyuki,Slaats,Senior Staff,1987-05-30,9999-01-01,59821
293154,Syozo,Maliniak,Senior Staff,1992-11-09,9999-01-01,47147
293280,Moti,Steenbeek,Engineer,1987-01-22,1993-01-21,40000
293329,Fumiya,Griswold,Engineer,1986-06-12,1994-06-12,60254
293746,Sanjay,Litecky,Engineer,1995-08-27,2000-08-26,40000
293752,Jungsoon,Bail,Senior Staff,1994-02-18,9999-01-01,60081
294144,Takanari,Ermel,Senior Staff,1999-01-11,9999-01-01,74140
294241,Marl,Fiebach,Senior Staff,2000-07-25,9999-01-01,74077
294446,Claudi,Ruemmler,Staff,1999-08-13,9999-01-01,57740
294461,Siddarth,Rosiles,Senior Engineer,1985-11-18,9999-01-01,44245
294527,Ashish,Candan,Senior Staff,1992-02-02,9999-01-01,62362
294652,Hironobu,Brodie,Senior Engineer,1993-09-17,9999-01-01,40000
294791,Vesna,Lammel,Assistant Engineer,1999-10-08,9999-01-01,62854
294857,Caolyn,Ozeri,Engineer,1986-07-29,1993-07-29,76899
295030,Fun,Keirsey,Senior Staff,1985-07-09,9999-01-01,40000
295236,Kauko,Fujisawa,Senior Engineer,1992-09-12,9999-01-01,40000
295254,Xuejun,Pfau,Staff,1985-07-24,1993-07-24,40000
295255,Jacopo,Bellone,Technique Leader,1988-03-13,9999-01-01,42789
295262,Moon,Pews,Assistant Engineer,1994-08-06,9999-01-01,40000
295268,Eben,Calkin,Staff,1996-12-19,2001-12-19,62556
295278,Val,Barvinok,Engineer,1995-01-02,2000-01-02,51829
295411,Chiranjit,Serot,Staff,1997-04-04,9999-01-01,53572
295857,Kankanahalli,Ciolek,Staff,1989-12-26,1998-12-26,44461
296062,Shaz,Driscoll,Staff,1998-10-03,9999-01-01,55272
296303,Mariangiola,Heyers,Technique Leader,1992-08-04,9999-01-01,55209
296428,Charmane,Simmen,Senior Staff,1997-03-07,9999-01-01,62557
296664,Dipayan,Geffroy,Senior Engineer,1987-09-17,9999-01-01,40000
296687,Palash,Spieker,Senior Staff,1996-05-10,9999-01-01,40000
296718,Kamakshi,Bahl,Senior Engineer,1987-12-22,9999-01-01,40000
297232,Lokesh,Saoudi,Senior Staff,1999-05-25,9999-01-01,56647
297431,Cathie,Ratnakar,Senior Staff,1996-06-23,9999-01-01,58600
297474,Irena,Terkki,Staff,1998-03-11,9999-01-01,44241
297905,Marc,Bahl,Assistant Engineer,1997-06-18,9999-01-01,40000
297954,Sailaja,Fujisaki,Assistant Engineer,1995-07-24,9999-01-01,40000
298339,King,Benzmuller,Senior Engineer,1995-09-04,9999-01-01,40000
298577,Florina,Litecky,Staff,1985-12-02,1994-12-02,75632
298953,Zita,Syang,Staff,1998-12-29,9999-01-01,56226
299346,Fumitake,Sichman,Senior Staff,1991-02-21,9999-01-01,40000
299580,Luisa,Itzfeldt,Engineer,1997-01-23,9999-01-01,49708
299718,Denny,Shobatake,Senior Staff,2002-06-22,9999-01-01,40000
299737,Patricio,Itzfeldt,Staff,1985-05-21,1994-05-21,75091
400046,Hilari,Christ,Senior Staff,1991-01-19,9999-01-01,40000
400358,Angus,Jullig,Senior Engineer,1997-04-13,9999-01-01,65485
400683,Kamakshi,Manders,Staff,1995-08-05,9999-01-01,65023
400780,Poornachandra,Asser,Engineer,1993-11-07,9999-01-01,40000
400796,Bodo,Halevi,Engineer,1996-05-30,9999-01-01,40000
401154,Danae,Kragelund,Staff,1987-05-20,1993-05-19,40000
401278,Oguz,Schurmann,Assistant Engineer,1986-11-11,1995-11-11,62122
401333,Martins,Shokrollahi,Senior Engineer,1991-11-04,9999-01-01,40000
401420,Florian,Uhrig,Senior Staff,1987-01-31,9999-01-01,40000
401574,Yannik,Falco,Technique Leader,1988-01-15,9999-01-01,52475
402025,Shigehito,Duclos,Senior Engineer,1992-09-19,9999-01-01,50425
402102,Kersti,Granlund,Engineer,1995-03-19,9999-01-01,40000
402664,Subhada,Janetzko,Senior Engineer,1987-01-25,9999-01-01,43122
402718,Jeanna,Rettelbach,Engineer,1990-02-14,1996-02-14,58377
402827,Weidon,Pollacia,Senior Staff,1996-02-27,9999-01-01,53483
403010,Toshimitsu,Sluis,Senior Engineer,1985-02-18,9999-01-01,59167
403621,Deborah,Kaminger,Staff,1988-06-04,1997-06-04,52532
403644,Krisda,Hainaut,Senior Staff,2000-07-07,9999-01-01,40000
403954,Jeanna,Bratten,Senior Engineer,1997-07-26,9999-01-01,40000
404018,Valery,Babb,Senior Engineer,1998-10-19,9999-01-01,55622
404236,Zengping,Kakkar,Senior Engineer,1996-07-22,9999-01-01,43423
404462,Anestis,Setlzner,Engineer,1985-07-13,1991-07-13,40194
404573,Eberhardt,Spelt,Staff,1997-07-05,9999-01-01,40000
404755,Manu,Junet,Staff,1991-04-20,1996-04-19,55120
404788,Basem,Beausoleil,Engineer,1998-03-16,9999-01-01,50754
405015,Morris,Fargier,Staff,1988-06-29,1996-06-29,72535
405063,Yechezkel,Yurov,Senior Engineer,1998-11-30,9999-01-01,67423
406125,Georgi,Portugali,Technique Leader,1987-09-27,9999-01-01,40000
406239,Marek,Tomescu,Senior Engineer,2002-05-15,9999-01-01,40000
406564,Parviz,Picco,Engineer,1995-04-16,9999-01-01,42716
406714,Malu,Ossenbruggen,Senior Staff,1994-11-21,9999-01-01,40000
406847,Alexius,Crouzet,Staff,1999-10-05,9999-01-01,65556
407522,Tommaso,Raczkowsky,Staff,1996-08-29,9999-01-01,53708
407837,Fei,Erez,Senior Engineer,1991-10-15,9999-01-01,47359
408019,Shridhar,Chleq,Senior Engineer,1996-03-21,9999-01-01,46019
408114,Geoffrey,Ladret,Engineer,1994-01-03,9999-01-01,75323
408163,Irene,Sethi,Senior Engineer,1996-09-06,9999-01-01,67566
408417,Tsz,Daescu,Staff,1994-01-29,9999-01-01,50677
408437,Uno,Solares,Staff,1994-09-22,1999-09-22,59806
408447,Mayuri,Werthner,Staff,1990-08-19,1999-08-19,65539
408654,Yongqiao,Cochrane,Staff,1986-10-27,1991-10-27,47427
408953,Jolita,Claffy,Senior Engineer,1993-12-24,9999-01-01,40000
409391,Willard,Verspoor,Engineer,1999-02-28,9999-01-01,40675
409798,Dekang,Tsunoo,Technique Leader,1995-01-19,9999-01-01,55643
409805,Frazer,Candan,Senior Engineer,1999-03-05,9999-01-01,60575
409898,Divier,Ishibashi,Senior Engineer,1994-09-22,9999-01-01,60860
410028,Xiadong,McClurg,Senior Staff,1994-09-17,9999-01-01,40000
410372,Duri,Mitina,Senior Engineer,1995-03-04,9999-01-01,40608
410433,Kazuhisa,Riesenhuber,Senior Engineer,1992-10-06,9999-01-01,49038
410616,Gudjon,Kalorkoti,Senior Engineer,1999-04-14,9999-01-01,40000
410804,Ronnie,Denos,Engineer,1992-06-08,1997-06-08,49617
410881,Koichi,Grabner,Senior Engineer,1990-04-24,9999-01-01,40000
411070,Otmar,Brandsma,Senior Engineer,1992-05-27,9999-01-01,41389
411082,Martine,Cangellaris,Senior Engineer,1998-04-28,9999-01-01,40987
411143,Goncalo,Barbanera,Senior Staff,1996-09-01,9999-01-01,87814
412404,Mitsuyuki,Jeansoulin,Senior Engineer,1999-10-28,9999-01-01,75569
412757,Leen,Peak,Engineer,1999-11-20,9999-01-01,40000
413098,Hsiangchu,Taubenfeld,Staff,1993-04-17,1999-04-17,45619
413205,Mototsugu,Prampolini,Senior Staff,1988-06-12,9999-01-01,82766
413666,Remco,Duclos,Senior Staff,1996-04-18,9999-01-01,62764
413729,Harjit,Ernst,Technique Leader,1992-04-26,9999-01-01,40000
413831,Mohamadou,Grabner,Senior Staff,1998-11-25,9999-01-01,40444
413832,Marco,Jahnichen,Senior Staff,1995-03-28,9999-01-01,40000
414027,Tadanori,Msuda,Engineer,1988-11-06,1997-11-06,40000
414091,Wuxu,Kuhnemann,Engineer,1997-08-19,9999-01-01,40000
414543,Bernd,Anick,Senior Engineer,1988-11-19,9999-01-01,68487
414551,Elliott,Copas,Senior Engineer,1999-09-13,9999-01-01,41620
414662,Ipke,Schneeberger,Senior Engineer,1994-09-20,9999-01-01,52170
414714,Chinho,Delgrande,Senior Staff,1996-11-07,9999-01-01,47105
414814,Dayanand,Wielonsky,Staff,1999-02-15,9999-01-01,43223
414897,Juyoung,Willoner,Staff,1989-11-03,1994-11-03,69580
415187,Juyoung,Peltason,Assistant Engineer,1998-09-01,9999-01-01,57432
415338,Shigeo,Emmart,Assistant Engineer,1995-12-24,9999-01-01,40000
415363,Conal,Shackell,Senior Staff,1993-01-25,9999-01-01,56789
415563,Mrinalini,Bierbaum,Senior Engineer,1994-03-12,9999-01-01,51477
416074,Alain,Lieberherr,Senior Engineer,1996-05-10,9999-01-01,40000
416383,Nectarios,Itschner,Engineer,1990-03-02,1996-03-01,57970
416420,Adamantios,Heemskerk,Senior Staff,1986-08-08,9999-01-01,57583
416492,Kannan,Meriste,Senior Engineer,1992-08-12,9999-01-01,40000
416660,Nathalie,Luke,Assistant Engineer,1987-09-16,1992-09-15,40000
416720,Tokuyasu,Xiaoshan,Engineer,1991-09-19,1998-09-19,50877
416877,Gio,Orsini,Senior Staff,1993-12-07,9999-01-01,82181
416892,Shooichi,Vandervoorde,Engineer,1996-08-16,9999-01-01,55754
417435,Bouchung,Zaumen,Senior Staff,1999-01-29,9999-01-01,88979
418239,Josyula,Motley,Senior Engineer,1992-09-05,9999-01-01,65620
418247,Oscar,Oppitz,Staff,1995-06-30,2001-06-29,58604
418298,Arvin,Pusterhofer,Engineer,1995-03-02,2002-03-02,40000
418309,Danel,Petereit,Senior Engineer,1994-02-21,9999-01-01,47095
418380,Kazuhiko,Gornas,Senior Engineer,1993-05-20,9999-01-01,41525
418566,Kazuhide,Snedden,Senior Engineer,1996-06-14,9999-01-01,62954
418606,Michaela,Otillio,Engineer,1994-01-05,9999-01-01,41390
418717,Arunachalam,Magliocco,Staff,1987-12-23,1992-12-22,67967
418860,Ymte,Dalton,Senior Staff,1997-11-22,9999-01-01,51181
419099,Heon,Broomell,Staff,1998-05-06,9999-01-01,96271
419953,Ung,Orlowski,Staff,1991-07-22,1998-07-22,60803
420086,Susuma,Kitsuregawa,Engineer,1985-05-28,1993-05-28,48457
420476,Mariangiola,Bolsens,Senior Staff,1994-06-15,9999-01-01,40000
420557,Mabhin,Eastman,Staff,1989-08-02,1994-08-02,82355
420694,Frazer,Barbanera,Staff,1986-11-04,1991-11-04,40000
420732,Willard,Morrin,Senior Staff,2001-05-27,9999-01-01,59288
420759,Raimond,Solovay,Staff,1997-10-03,9999-01-01,55608
420765,Shawna,Krider,Staff,1990-03-09,1997-03-09,78825
420877,Khosrow,Erez,Senior Staff,1996-02-11,9999-01-01,48689
421022,Shigeaki,Butner,Senior Staff,1996-07-13,9999-01-01,67327
421033,Garnik,Randt,Senior Staff,1994-12-23,9999-01-01,87795
421074,Zhaofang,Falster,Senior Staff,1999-06-29,9999-01-01,72554
421312,Mariangiola,Bashian,Engineer,1999-09-18,9999-01-01,40000
421384,Renny,Bednarek,Staff,1987-06-01,1995-06-01,40000
421755,Shichao,Thiria,Senior Engineer,2001-01-10,9999-01-01,49914
422146,Kenton,Miara,Engineer,1999-05-14,9999-01-01,40000
422783,Jagoda,Uhrig,Engineer,1995-09-01,9999-01-01,40000
423038,Takushi,Strehl,Senior Staff,1988-10-04,9999-01-01,60743
423204,Uma,Stranks,Staff,1991-09-13,1996-09-12,64505
423208,Joydip,Krone,Engineer,1995-02-08,9999-01-01,58830
423214,Tsutomu,Tetzlaff,Staff,1987-09-24,1993-09-23,67902
423327,Constantijn,Lichtman,Staff,1994-06-26,2001-06-26,79684
423350,Heping,Monarch,Senior Staff,1993-04-15,9999-01-01,45927
423633,Mariusz,Tokunaga,Senior Engineer,1985-02-11,9999-01-01,51147
423993,Seshu,Kolvik,Technique Leader,1988-12-09,9999-01-01,40000
424569,Danco,Luff,Engineer,1997-10-30,9999-01-01,67193
424584,Kagan,Dredge,Engineer,1994-02-26,2000-02-26,49152
424685,Changho,Veevers,Senior Staff,1997-03-03,9999-01-01,44053
424797,Theron,Itschner,Senior Staff,1993-05-16,9999-01-01,99526
424805,Jacqueline,Zallocco,Senior Staff,1994-12-17,9999-01-01,81079
424930,Xuejun,Reeker,Senior Staff,1997-11-18,9999-01-01,48452
424984,Vasilis,Waleschkowski,Engineer,1996-05-26,9999-01-01,40000
425437,Moni,Staudhammer,Engineer,1999-03-23,9999-01-01,43287
425535,Alagu,Vieri,Staff,1986-08-23,1992-08-22,80858
425540,Paddy,Zumaque,Senior Staff,1995-11-12,9999-01-01,53256
425757,Yongdong,Jiang,Senior Staff,1990-10-13,9999-01-01,65128
425780,Paris,Range,Senior Staff,1997-10-25,9999-01-01,65037
425830,Guther,Conia,Engineer,1999-02-13,9999-01-01,63504
425875,Jahangir,Kroft,Staff,1990-06-11,1995-06-11,41046
426153,Shahaf,Luce,Senior Staff,1999-04-06,9999-01-01,74658
426168,Kaijung,Mateescu,Senior Staff,1992-11-17,9999-01-01,51634
426228,Supot,Badache,Engineer,1996-08-17,9999-01-01,48175
426235,Danco,Rajala,Staff,1991-03-29,1996-03-28,46445
426644,Zejun,Broomell,Senior Engineer,2002-01-19,9999-01-01,66298
426706,Karsten,Kawashima,Engineer,1994-03-15,1999-03-15,52496
426795,Huican,Lunn,Staff,1986-07-23,1991-07-23,48445
426818,Gaurav,Fendler,Staff,1992-02-15,1997-02-14,40000
426819,Sandeepan,Kulisch,Engineer,1997-05-16,9999-01-01,51809
426824,Gopalakrishnan,Mawatari,Staff,1988-10-29,1993-10-29,58680
426958,Weijing,Viele,Senior Engineer,1993-10-03,9999-01-01,55729
427313,Utpal,Kemmerer,Staff,1986-12-04,1991-12-04,40000
427320,Mamdouh,Ramamoorthy,Senior Engineer,2000-01-13,9999-01-01,53985
427332,Feiyu,Hemaspaandra,Staff,1995-06-04,9999-01-01,50549
427571,Torsten,Ranta,Senior Engineer,1996-12-10,9999-01-01,55037
427776,Jaques,Navazio,Senior Staff,1998-04-03,9999-01-01,83358
427805,Haldun,Compeau,Senior Staff,1997-10-15,9999-01-01,66766
427823,Jaques,Gecsei,Staff,1999-07-13,9999-01-01,46107
427852,Adil,Kieras,Senior Engineer,1992-07-20,9999-01-01,48349
428082,Ronghao,Alpin,Senior Staff,2000-09-10,9999-01-01,40000
428160,Jamaludin,Kalorkoti,Senior Staff,2001-07-14,9999-01-01,62732
428195,Hatsukazu,Rosca,Senior Staff,1991-10-13,9999-01-01,63119
428219,Ghassan,Androutsos,Senior Staff,1993-12-25,9999-01-01,84926
428917,Theron,Billawala,Senior Engineer,2001-02-16,9999-01-01,40000
429087,Hugh,Senzako,Technique Leader,1992-10-15,9999-01-01,51383
429231,Kazuyasu,Schmiedel,Senior Staff,1991-09-07,9999-01-01,85371
429238,Mona,Luck,Senior Staff,1989-05-11,9999-01-01,98463
429249,Alassane,Wolniewicz,Senior Engineer,1993-10-06,9999-01-01,40000
429316,Seshu,Hiraishi,Senior Staff,2001-08-10,9999-01-01,40000
429381,Limsoon,Roohalamini,Staff,1986-11-26,1992-11-25,75021
429481,Subhada,Emmerich,Engineer,1996-03-06,9999-01-01,50310
429520,Yongqiao,Francisci,Engineer,1999-12-01,9999-01-01,64463
429532,Bartek,Vendrig,Staff,1991-11-12,1996-11-11,68137
429569,Fumiya,Chappelet,Assistant Engineer,1992-09-03,1999-09-04,47441
429703,Ung,Honglei,Staff,1986-09-02,1993-09-02,40000
429899,Ranan,Marsiglia,Staff,1999-08-13,9999-01-01,40554
429954,Renny,Gladwell,Staff,1999-02-27,9999-01-01,77431
430054,Erzsebet,Setiz,Senior Engineer,1998-06-10,9999-01-01,91507
430558,Xiong,Roisin,Engineer,1988-03-01,1995-03-02,40000
430593,Janalee,Lanzelotte,Senior Staff,1997-12-01,9999-01-01,40000
430631,Kersti,Marsiglia,Engineer,1994-02-19,9999-01-01,55205
430891,Khalil,Gien,Senior Engineer,1991-08-06,9999-01-01,68320
431576,Masamitsu,Back,Staff,1987-03-25,1994-03-25,76741
431657,Visit,Thiran,Engineer,1986-11-14,1991-11-14,40000
431882,Hideo,Varman,Engineer,1997-06-19,9999-01-01,53101
431887,Poorav,Ranst,Senior Engineer,1996-06-01,9999-01-01,44157
432031,Adamantios,Matzat,Senior Staff,1993-02-28,9999-01-01,60534
432034,Arfst,Uehara,Senior Staff,1993-11-15,9999-01-01,50138
432121,Alair,Straney,Senior Staff,1992-11-14,9999-01-01,40000
432257,Kwangjo,Hiltgen,Engineer,1998-12-22,9999-01-01,84748
432261,Arve,Bergere,Senior Engineer,1994-07-28,9999-01-01,73145
432399,Nitsan,Nollmann,Engineer,1990-09-10,1996-09-09,40000
432523,Takahiro,Maquelin,Engineer,1997-07-21,9999-01-01,77172
432665,Flemming,Driscoll,Senior Engineer,1999-06-28,9999-01-01,42199
432787,Toshiko,Ibel,Senior Engineer,1996-11-23,9999-01-01,41515
432956,Qunsheng,Birrer,Senior Staff,1994-05-13,9999-01-01,59603
433059,Bojan,Montresor,Staff,1995-02-04,9999-01-01,83650
433157,Tomofumi,Serna,Staff,1999-10-23,9999-01-01,84693
433260,Make,Olivero,Engineer,1998-06-01,9999-01-01,40000
433438,Keiichiro,Miyakawa,Staff,1993-09-12,2000-09-12,86599
434845,Takushi,Skogmar,Senior Staff,1991-06-07,9999-01-01,56010
434936,Sahrah,Rosis,Engineer,1994-06-24,2000-06-23,54397
435042,Brigham,Borstler,Staff,1995-10-09,9999-01-01,55687
435060,Moie,Lieblein,Staff,1996-07-12,9999-01-01,48951
435181,Kazuhide,Fiutem,Staff,1992-05-10,1998-05-10,40000
435289,Feixiong,Schurmann,Staff,1987-02-15,1993-02-14,78074
435305,Berthier,Pramanik,Staff,1993-01-23,1999-01-23,61083
435370,Conal,Basart,Senior Staff,1991-05-17,9999-01-01,56330
435588,Genta,Pepe,Staff,1994-04-12,2002-04-12,40000
435602,Dietrich,Kranzdorf,Senior Staff,2001-10-04,9999-01-01,70591
435774,Olivera,Bharadwaj,Staff,1992-04-01,2001-04-01,62182
435791,Hercules,Speer,Engineer,1994-03-07,1999-03-07,41333
436558,Subir,Greibach,Senior Engineer,1992-05-24,9999-01-01,59648
436797,Ohad,Henders,Staff,1990-11-03,1996-11-02,47748
436827,Wojceich,Limongiello,Senior Staff,1988-03-10,9999-01-01,42069
436915,Feixiong,Haraldson,Staff,1998-10-11,9999-01-01,40000
437276,Dines,DeMori,Staff,1987-12-07,1994-12-07,52997
437369,Kazuhide,Biran,Senior Staff,1995-01-25,9999-01-01,44053
437395,Sumant,Thambidurai,Staff,1994-01-02,2000-01-02,75620
437724,Erez,Luft,Staff,1994-12-14,9999-01-01,53468
437870,Kerhong,Lorho,Staff,1995-06-18,9999-01-01,65132
438038,Lena,Giaccio,Senior Staff,1999-03-17,9999-01-01,77091
438264,Rasikan,Barreiro,Senior Staff,2000-09-26,9999-01-01,42706
438557,Lidong,Swist,Engineer,1999-09-16,9999-01-01,40000
439377,Mari,Plessier,Senior Engineer,1997-07-04,9999-01-01,40000
439905,Kousuke,Levasseur,Senior Staff,1996-03-15,9999-01-01,56753
439924,Gunilla,Kisuki,Senior Staff,2000-08-13,9999-01-01,81991
440325,Douadi,Sullins,Senior Staff,1999-09-25,9999-01-01,70248
440435,Sandeepan,Rosti,Senior Engineer,1991-11-26,9999-01-01,40000
440450,Tzvetan,Scharstein,Senior Staff,1999-06-16,9999-01-01,42474
440642,Snehasis,Kalsbeek,Staff,1988-01-06,1997-01-05,96916
440870,Filipp,Hasham,Senior Staff,1999-07-11,9999-01-01,40000
440937,Fabrizio,Usery,Staff,1992-10-13,1999-10-14,55815
441197,Miquel,Legleitner,Staff,1985-06-28,1993-06-28,56738
441536,Chinho,Collette,Senior Engineer,1990-08-07,9999-01-01,40000
441954,Leszek,Marchegay,Engineer,1999-06-13,9999-01-01,42564
441965,Claudi,Heijenga,Senior Staff,1994-08-30,9999-01-01,40000
442002,Ravishankar,Baig,Senior Staff,2000-03-17,9999-01-01,72966
442096,Martijn,DiGiano,Senior Engineer,1990-06-15,9999-01-01,52432
442312,Zengping,Cusworth,Senior Engineer,1997-06-06,9999-01-01,50796
442490,Navid,Luke,Engineer,1994-10-17,9999-01-01,90851
442653,Mona,Hebden,Engineer,1995-10-20,9999-01-01,64003
442700,Siddarth,Masada,Staff,1997-08-11,9999-01-01,52753
442898,Aksel,Gire,Engineer,1999-06-27,9999-01-01,40000
443108,Christfried,Atrawala,Senior Staff,1990-07-13,9999-01-01,60079
443485,Marke,Klerer,Senior Staff,1990-04-14,9999-01-01,54884
443841,Shaw,Kading,Senior Staff,2000-07-16,9999-01-01,91933
443873,Vatsa,Ramsay,Staff,1994-02-04,2002-02-04,60024
444070,Heping,Skrikant,Staff,1990-11-27,1999-11-27,40000
444099,Kousuke,Worfolk,Staff,1988-03-22,1997-03-22,81037
444208,Irena,Cesareni,Senior Staff,1985-10-30,9999-01-01,81161
444465,Prasadram,Bultermann,Senior Engineer,1997-08-29,9999-01-01,47281
444487,Udi,Rullman,Senior Engineer,1994-04-09,9999-01-01,40000
444643,Berna,Schonegge,Staff,1998-06-28,9999-01-01,40000
445067,Eldridge,Kawashima,Engineer,1990-02-27,1997-02-27,45253
445152,Heping,Peac,Staff,1985-03-20,1992-03-20,49949
445226,Oscar,Baumann,Senior Engineer,1996-01-22,9999-01-01,40000
445570,Van,Nations,Technique Leader,1986-08-11,9999-01-01,46882
445723,Gaurav,Roison,Staff,1986-10-22,1995-10-22,55964
445941,Masako,Dechter,Technique Leader,1985-09-25,9999-01-01,41871
445950,Ebru,Valtorta,Engineer,1992-12-09,1997-12-09,40000
446121,Fay,Cochrane,Staff,1999-12-13,9999-01-01,66901
446306,Hercules,Kabayashi,Senior Engineer,1991-06-10,9999-01-01,52162
446424,DAIDA,Nooteboom,Senior Engineer,1992-11-24,9999-01-01,58549
446897,Takahiro,Dalton,Technique Leader,1992-09-30,9999-01-01,40000
446959,Aram,Passino,Senior Engineer,1995-01-28,9999-01-01,46058
447018,Dannz,Miara,Engineer,1992-12-04,2000-12-04,40000
447135,Gennady,Rouquie,Senior Staff,1989-08-24,9999-01-01,40000
447232,Aleksander,Schaaf,Staff,1995-05-26,2001-05-25,102759
447376,Kirk,Zongker,Staff,1999-12-10,9999-01-01,70592
447544,Stabislas,Kakkad,Senior Staff,1989-02-19,9999-01-01,86434
447613,Paris,Restivo,Engineer,1986-11-21,1991-11-21,43894
447877,Make,Heuser,Engineer,1988-07-02,1997-07-02,40000
447931,Martijn,Jeong,Senior Staff,1999-12-14,9999-01-01,72595
447966,Kamakshi,Hebert,Engineer,1997-01-17,2002-01-17,57165
447982,Shiv,Baezner,Senior Engineer,1996-12-16,9999-01-01,40000
447999,Shiv,Vilarrasa,Senior Engineer,1995-08-01,9999-01-01,48626
448769,Mong,Dichev,Technique Leader,1997-10-11,9999-01-01,56886
448900,Mart,Talmor,Staff,1999-05-11,9999-01-01,55122
448918,Chiradeep,Arlazarov,Engineer,1989-10-06,1998-10-06,48275
448994,Haldun,Syang,Staff,1997-02-11,9999-01-01,55952
449189,Jahangir,Bernatsky,Senior Staff,1995-09-30,9999-01-01,52150
449815,Fumitaka,Quittner,Staff,1988-04-20,1993-04-20,43762
449984,Hinrich,Perin,Senior Engineer,1993-11-20,9999-01-01,40000
450184,Selwyn,Henseler,Senior Engineer,1993-03-09,9999-01-01,57687
450255,Udo,Waymire,Technique Leader,1986-06-14,9999-01-01,40000
450309,Gill,Orlowska,Technique Leader,1986-12-25,9999-01-01,47695
450475,Saeed,Bahl,Senior Staff,1991-01-29,9999-01-01,41804
450817,DAIDA,Frolund,Engineer,1987-07-17,1996-07-16,56583
450888,Sedat,Rande,Staff,1995-03-25,2001-03-24,55308
450934,Chanjung,Raoux,Senior Engineer,1998-05-25,9999-01-01,40000
450936,Yuriy,Ponthieu,Staff,1991-12-11,1996-12-10,49451
451253,Jaihie,Ozeri,Senior Staff,1997-06-20,9999-01-01,66577
451272,Jacopo,Krohm,Engineer,1991-04-24,1997-04-23,50905
451275,Bedrich,Isard,Senior Staff,1986-06-07,9999-01-01,40000
451333,Radhika,Bonifati,Senior Staff,1995-03-11,9999-01-01,40000
452137,Subir,Miake,Senior Engineer,2002-07-11,9999-01-01,59812
452206,Arra,Esposito,Staff,1994-11-03,9999-01-01,57175
452325,Taiji,Berstel,Senior Engineer,2001-12-02,9999-01-01,71879
452347,Shigeichiro,Brattka,Senior Staff,2001-07-13,9999-01-01,56042
452365,Fei,Gadepally,Engineer,1997-11-13,9999-01-01,40000
452956,Gou,Thombley,Senior Engineer,1987-04-09,9999-01-01,44716
452957,Alair,Nanard,Staff,1996-02-10,9999-01-01,60350
452982,Lobel,Aloia,Senior Staff,1994-12-29,9999-01-01,103154
453070,Aran,Rosenbaum,Staff,1991-04-25,2000-04-24,40000
453154,Gao,Lally,Staff,1996-03-01,9999-01-01,40000
453644,Berni,Takkinen,Senior Staff,1997-06-08,9999-01-01,60389
453688,Chinya,Leslie,Engineer,1995-10-28,9999-01-01,40000
453723,Arne,Kohling,Engineer,1985-12-13,1993-12-13,40996
453760,Ewing,Rajala,Staff,1996-06-21,2001-06-21,40000
453790,Fai,Keirsey,Senior Engineer,1999-10-12,9999-01-01,59270
453913,Stein,Perng,Staff,1993-04-29,1998-04-29,66997
454338,Mohammed,Georg,Engineer,1998-08-03,9999-01-01,40000
454378,Gina,Ossenbruggen,Technique Leader,1998-01-03,9999-01-01,63514
454736,Nechama,Ermel,Engineer,1995-06-05,9999-01-01,45224
454791,Xiaoqiu,Pietracaprina,Senior Engineer,1994-07-09,9999-01-01,70297
454825,Kamakshi,Schusler,Engineer,1995-05-25,2001-05-24,55857
454994,Mohan,Picht,Engineer,1991-02-24,2000-02-24,40000
455175,Soenke,Zaumen,Staff,1992-02-22,1998-02-21,40000
455284,Luisa,Baig,Engineer,1996-07-12,2002-07-12,40000
455726,Qiwen,Kriebel,Senior Staff,1992-12-12,9999-01-01,89978
455814,Giao,DuCasse,Senior Engineer,1999-07-19,9999-01-01,40757
455914,Peer,Angelopoulos,Engineer,1989-07-23,1996-07-23,62820
456767,Tetsurou,Schreiter,Senior Staff,1994-07-17,9999-01-01,81806
456982,Shounak,Dratva,Senior Engineer,1997-01-05,9999-01-01,41631
457070,Gay,Plavsic,Staff,1987-08-06,1994-08-06,40000
457146,Jinpo,Heyers,Staff,1999-01-07,9999-01-01,58534
457305,Sorina,Lakshmanan,Staff,1994-09-03,9999-01-01,71290
457337,Xumin,Beidas,Technique Leader,1995-04-27,9999-01-01,40000
457411,Xudong,Peck,Senior Engineer,1988-04-18,9999-01-01,40000
457489,Berna,Ranst,Engineer,1985-05-14,1992-05-14,42727
457611,Indrajit,Krogh,Engineer,1998-09-18,9999-01-01,40000
457776,Florian,Siepmann,Senior Engineer,1996-12-20,9999-01-01,42709
457813,Foong,Gargeya,Engineer,1992-01-24,2000-01-24,40000
457832,Jackson,Zielinski,Senior Engineer,1997-09-12,9999-01-01,40000
457938,Arch,Picco,Senior Staff,2000-06-07,9999-01-01,56568
458111,Florian,Tramer,Engineer,1999-11-07,9999-01-01,76812
458134,Thanasis,Standera,Senior Staff,1992-03-20,9999-01-01,40000
458191,George,Atchley,Staff,1997-07-02,9999-01-01,71591
458383,Mabhin,Foote,Engineer,1999-04-23,9999-01-01,40000
458726,Shahaf,Kitai,Senior Staff,1991-12-26,9999-01-01,40000
458790,Ramya,Azadmanesh,Senior Engineer,1994-11-19,9999-01-01,40000
459172,Val,Rissanen,Engineer,1999-11-20,9999-01-01,58787
459356,Pramod,Wendorf,Engineer,1998-12-25,9999-01-01,40000
459429,Mohit,Verhaegen,Senior Staff,1999-05-28,9999-01-01,92397
459685,Hirochika,Goldhammer,Engineer,1998-03-12,9999-01-01,44433
460131,Adly,Hambrick,Staff,1997-07-25,9999-01-01,68182
460691,Munehiko,Gihr,Senior Staff,1989-12-06,9999-01-01,40000
460707,Yoshinari,Lanteri,Engineer,1996-12-25,2001-12-25,40000
460920,Remzi,Mitzlaff,Senior Staff,1986-04-06,9999-01-01,77844
461120,Shietung,Gelosh,Engineer,1996-03-26,2001-03-26,68304
461270,Mrinalini,Mawatari,Staff,1996-01-03,9999-01-01,76737
461801,Sumali,Cooman,Senior Staff,2000-02-16,9999-01-01,59006
462493,Paloma,Gerlach,Engineer,1988-07-26,1994-07-26,40000
462795,Somnath,Cummings,Senior Staff,2002-07-10,9999-01-01,47611
463023,Itzchak,Penn,Staff,1999-01-21,9999-01-01,53407
463099,Jinxi,Schmiedel,Staff,1990-09-21,1996-09-20,59911
463212,Ramya,Rossi,Senior Engineer,1987-03-02,9999-01-01,47857
463472,Jaber,Sethi,Technique Leader,1995-06-06,9999-01-01,40000
463495,Alenka,Barriga,Staff,1988-05-06,1993-05-06,40000
464284,Huiqun,Henders,Senior Staff,1993-05-19,9999-01-01,85882
464303,Abdelghani,Nyrup,Senior Staff,1994-08-02,9999-01-01,48803
465062,Stafford,Gist,Engineer,1988-05-07,1995-05-08,44624
465076,Tokuyasu,Ghelli,Engineer,1985-05-05,1993-05-05,58601
465085,Vidar,Gunderson,Senior Staff,1996-03-18,9999-01-01,40000
465409,Shahid,Varman,Senior Staff,1993-08-27,9999-01-01,67038
465501,Mrinalini,Gire,Senior Staff,2000-11-09,9999-01-01,40000
465711,Lakshmi,Frijda,Engineer,1990-04-21,1995-04-21,54507
465853,Kwan,Kampfer,Staff,1998-10-16,9999-01-01,40000
465874,Herb,Picht,Engineer,1994-05-31,9999-01-01,72099
466064,Temple,Danlos,Senior Staff,1994-06-13,9999-01-01,48435
466367,Hiroyasu,Strandh,Staff,1989-06-05,1997-06-05,40000
466509,Bezalel,Verhoeff,Senior Engineer,1993-03-22,9999-01-01,40000
466603,Yechezkel,Nourani,Senior Staff,1996-07-31,9999-01-01,54724
466745,Boalin,Birsak,Senior Staff,2000-10-15,9999-01-01,40000
467176,Przemyslawa,Borovoy,Senior Staff,1998-06-18,9999-01-01,56585
467269,Nahum,Lambe,Technique Leader,1989-08-31,9999-01-01,40000
467392,Mariusz,Rikino,Engineer,1995-04-13,2001-04-12,45749
467441,Margareta,Bondorf,Engineer,1988-11-07,1994-11-07,40000
467591,Kiyotoshi,Hennebert,Staff,1997-09-21,9999-01-01,52731
467886,Sivanarayana,Chandrasekhar,Senior Staff,1996-01-24,9999-01-01,66865
467918,Tsuneo,Skrikant,Staff,1997-10-21,9999-01-01,40000
468360,Huei,Saoudi,Technique Leader,1994-08-10,9999-01-01,40000
468417,Kamakshi,Huhdanpaa,Engineer,1993-08-26,2001-08-26,40000
468659,Ranga,Lemarechal,Engineer,1989-11-05,1997-11-05,40000
468773,Baziley,Brookner,Engineer,1993-09-22,1999-09-22,41553
469104,Nadjib,Comellas,Engineer,1996-04-18,2002-04-18,42499
469253,Baruch,Basawa,Senior Engineer,2001-09-17,9999-01-01,40000
469269,Weiyi,Codenie,Senior Engineer,1996-05-27,9999-01-01,40000
469366,Aiman,Wilfing,Senior Engineer,1999-12-30,9999-01-01,48989
469399,Hongzhu,Ruemmler,Engineer,1999-02-14,9999-01-01,51576
469527,Halsur,Ibel,Staff,1998-03-05,9999-01-01,43350
469529,Neven,Rikino,Engineer,1988-10-21,1993-10-21,40247
469735,Arif,Stranks,Senior Engineer,1992-11-16,9999-01-01,65879
469867,Hein,Jonsson,Senior Staff,1990-02-12,9999-01-01,49974
470456,Reuven,Oehlmann,Senior Staff,1994-03-29,9999-01-01,45633
470472,Zhiguo,Staudhammer,Engineer,1985-12-03,1991-12-03,40000
471397,Nigel,Zirintsis,Engineer,1999-01-03,9999-01-01,40000
471532,Feiyu,Decleir,Technique Leader,1998-09-13,9999-01-01,46522
471552,Basem,Lortz,Staff,1997-10-25,9999-01-01,42758
471911,Arun,Zaccaria,Engineer,1998-05-31,9999-01-01,40000
471939,Kazuhiko,Marshall,Staff,1999-11-16,9999-01-01,69487
472052,Godehard,Chinal,Assistant Engineer,1995-12-09,9999-01-01,52516
472143,Yahiko,Sommen,Senior Staff,1996-08-14,9999-01-01,78806
472238,Jungsoon,Gubsky,Senior Engineer,1990-10-09,9999-01-01,52860
472790,Zhenbing,Ibel,Senior Engineer,1985-10-29,9999-01-01,55035
472950,Weidon,Fordan,Senior Engineer,1986-03-27,9999-01-01,60425
473268,Hugo,Sgarro,Senior Staff,1992-04-24,9999-01-01,55564
473299,Khaled,Penn,Staff,1992-05-19,1999-05-20,83582
473490,Pantung,Reeker,Senior Staff,1998-05-11,9999-01-01,40000
473940,Avishai,Majewski,Engineer,1998-01-10,9999-01-01,46814
474331,Sugwoo,Eugenio,Senior Staff,1991-10-06,9999-01-01,40000
474763,Mayuko,Clouatre,Engineer,1997-09-04,9999-01-01,61436
474796,Zongyan,Shackel,Technique Leader,1986-11-09,9999-01-01,68336
475087,Genevieve,Snedden,Senior Engineer,1988-10-21,9999-01-01,40000
475258,Fumiyo,Feinberg,Staff,1987-11-22,1995-11-22,40000
475538,Christophe,Leaver,Staff,1998-10-31,9999-01-01,40000
475938,Shigeaki,Lanteri,Senior Engineer,1996-02-18,9999-01-01,40000
475965,Rimon,Pietracaprina,Engineer,1985-07-10,1990-07-10,40000
476055,Girolamo,Schlumberger,Staff,1993-03-07,1998-03-07,40000
476122,Khun,Spieker,Engineer,1995-05-07,9999-01-01,40000
476327,Reinhold,Binkley,Senior Engineer,2000-05-28,9999-01-01,51519
476361,Doohun,Preusig,Technique Leader,1985-04-13,9999-01-01,42446
477350,Terresa,Vigier,Staff,1998-07-08,9999-01-01,47167
477578,Marit,Paludetto,Engineer,1990-09-30,1998-09-30,83068
477969,Bluma,Mundy,Engineer,1991-10-18,2000-10-17,40000
478007,Fumino,Narahara,Senior Engineer,2000-09-20,9999-01-01,47559
478170,Doowon,Schoegge,Engineer,2001-05-29,9999-01-01,40000
478218,Djenana,Erol,Engineer,1999-01-31,9999-01-01,65244
478439,Yuichiro,Bale,Technique Leader,1997-11-04,9999-01-01,47250
478768,Arun,Katzenelson,Senior Engineer,1997-10-27,9999-01-01,67237
478799,Shaw,Borovoy,Senior Staff,1991-05-11,9999-01-01,40297
478833,Pradeep,Valiente,Engineer,1992-09-19,1998-09-19,83315
478858,Hidekazu,Perna,Staff,1999-11-08,9999-01-01,40000
479024,Ewing,Kalorkoti,Engineer,1996-12-21,9999-01-01,60882
479407,Randi,Tomescu,Assistant Engineer,1986-11-25,1993-11-25,46866
479601,Kayoko,Bahi,Staff,1997-02-19,9999-01-01,65786
479695,Masamitsu,Murrill,Staff,1996-06-27,2002-06-27,40176
480035,Sukumar,Georg,Staff,1990-03-27,1998-03-27,40000
480066,Suebskul,Menhardt,Senior Engineer,1999-07-26,9999-01-01,40000
480178,Uinam,Rahier,Senior Staff,1996-02-10,9999-01-01,55930
480268,Gaurav,Cheshire,Technique Leader,1989-03-30,9999-01-01,44209
480407,Deniz,Bennis,Senior Engineer,1996-06-24,9999-01-01,40000
481050,Weiru,Burnard,Staff,1990-10-15,1999-10-15,50385
481213,Shigehiro,Haldar,Senior Staff,1999-12-14,9999-01-01,73617
481397,Luisa,Chelton,Assistant Engineer,1998-08-13,9999-01-01,40000
481764,Teiji,Marrakchi,Senior Engineer,1986-08-26,9999-01-01,60322
481790,Haldun,Erie,Senior Engineer,1996-09-12,9999-01-01,50133
482335,Kwangyoen,Peck,Engineer,1994-01-16,9999-01-01,56445
482354,Jayson,Zockler,Staff,1999-11-06,9999-01-01,40000
482755,Jouni,Conia,Staff,1994-10-31,1999-10-31,77972
482885,Shaunak,Brizzi,Engineer,1994-09-02,2000-09-01,49347
482905,Aral,Hebden,Senior Staff,1991-09-10,9999-01-01,65709
482944,Duke,Journel,Senior Staff,1997-10-25,9999-01-01,96529
483401,Rosita,Pokrovskii,Senior Staff,1996-08-03,9999-01-01,50685
483675,Hausi,Kamber,Senior Engineer,1993-02-15,9999-01-01,40000
483825,Marek,Mitchem,Senior Engineer,1992-11-20,9999-01-01,52817
483838,Sham,Kavanagh,Assistant Engineer,1997-12-18,9999-01-01,40000
483978,Dung,Tanemo,Staff,1990-01-28,1995-01-28,100425
484126,Manton,Lueh,Senior Staff,1989-04-07,9999-01-01,48754
484142,Perry,Cooman,Staff,1987-04-23,1993-04-22,40000
484498,Herbert,Hammerschmidt,Engineer,1996-08-22,2001-08-22,66106
484756,Phule,Ruemmler,Engineer,1990-08-09,1996-08-08,40000
485253,Gladys,Parhami,Senior Staff,1996-07-20,9999-01-01,53582
485489,Keiichiro,Armand,Assistant Engineer,1986-12-14,1991-12-14,55395
485577,Rafael,Menhoudj,Senior Engineer,1997-04-27,9999-01-01,40000
485579,Munehiro,Iwayama,Engineer,1986-12-16,1992-12-15,44117
485799,Yoshimitsu,Litvinov,Senior Staff,1997-11-22,9999-01-01,40000
485817,Mahmut,Bolotov,Engineer,1995-01-10,9999-01-01,51242
486068,Yefim,Bernardeschi,Staff,1996-06-26,2001-06-26,54089
486808,Geoffrey,Siochi,Senior Engineer,1998-12-27,9999-01-01,40000
486918,Yagil,Remmers,Senior Staff,1994-11-01,9999-01-01,51627
486956,Matt,Ruemmler,Engineer,1993-10-14,9999-01-01,63351
486958,Tonny,Kropf,Senior Engineer,1992-07-29,9999-01-01,45160
487008,Zhigen,Raney,Senior Staff,1993-05-26,9999-01-01,73387
487505,Uno,Jayawardene,Staff,1987-11-02,1993-11-01,57439
487988,Ekawit,Schaft,Staff,1990-05-20,1999-05-20,40000
488095,Francoise,Hegner,Senior Staff,1997-12-23,9999-01-01,40000
488142,Denis,Narlikar,Staff,1991-07-01,1997-06-30,40612
488482,Kensyu,Tsunoo,Engineer,1999-12-05,9999-01-01,44477
488540,Breannda,Maquelin,Senior Staff,1996-04-12,9999-01-01,88346
488619,Georgy,Bennis,Engineer,1998-04-11,9999-01-01,58714
488693,Jiong,Zultner,Senior Engineer,1993-03-10,9999-01-01,40000
488707,Mihalis,Remmers,Senior Staff,1996-02-29,9999-01-01,61980
488752,Nimmagadda,Baja,Senior Staff,2002-02-09,9999-01-01,44935
488788,Wuxu,Garigliano,Staff,1990-09-21,1997-09-21,55528
488984,Kendra,Junet,Senior Staff,1993-02-28,9999-01-01,68524
489755,Matk,Chorvat,Staff,1994-12-30,2000-12-29,50263
489756,Kersti,Miculan,Staff,1992-06-09,1999-06-10,74625
489928,Satoru,Janetzko,Assistant Engineer,1997-07-26,9999-01-01,43680
490551,Lalit,Lindqvist,Engineer,1998-11-07,9999-01-01,52602
490557,Luise,Vigier,Engineer,1994-07-01,2001-07-01,45888
490568,Zita,Reistad,Senior Engineer,1998-07-23,9999-01-01,58375
490720,Younwoo,Samarati,Senior Engineer,1996-08-19,9999-01-01,57642
491079,Kwangsub,Keirsey,Senior Engineer,1992-02-04,9999-01-01,47638
491162,Panayotis,Hempstead,Senior Engineer,1994-08-29,9999-01-01,55743
491478,Gill,Varman,Senior Staff,1996-06-18,9999-01-01,50787
491596,Charmane,Pargas,Engineer,1988-07-29,1993-07-29,40000
491632,Gadiel,Perly,Senior Staff,1994-10-20,9999-01-01,75387
492000,Valeska,Cools,Senior Staff,1999-12-16,9999-01-01,40000
492052,Udo,Ratnakar,Staff,1999-11-30,9999-01-01,53754
492217,Heekeun,Verhaegen,Senior Engineer,1991-09-28,9999-01-01,43116
492639,Sanjoy,Porenta,Engineer,1997-07-10,9999-01-01,63732
492677,Goetz,McAffer,Senior Engineer,1994-02-04,9999-01-01,57772
493031,Hironoby,Jakobus,Senior Staff,1996-07-29,9999-01-01,58953
493048,Muzhong,Berztiss,Staff,1995-01-23,2001-01-22,87744
493096,Sachem,Msuda,Engineer,1995-04-07,9999-01-01,54424
493744,Leni,Kropatsch,Senior Engineer,1997-07-17,9999-01-01,40000
494019,Morrie,Iisaku,Senior Staff,1999-05-06,9999-01-01,65241
494088,Phule,Dahlbom,Senior Engineer,1997-02-06,9999-01-01,53267
494493,Masasuke,Koprowski,Staff,1996-11-20,9999-01-01,96959
494995,Yongmao,Pouyioutas,Staff,1989-08-24,1996-08-24,61003
496100,Pranjal,Reinhard,Staff,1995-05-08,9999-01-01,40197
496970,Giordano,Maquelin,Senior Engineer,1999-12-31,9999-01-01,58910
496978,Danco,Debuse,Staff,1993-09-10,1998-09-10,74289
497007,Oldrich,Adachi,Engineer,1997-04-03,2002-04-03,42380
497174,Sanjiv,Bressoud,Engineer,1993-04-27,1998-04-27,45255
497340,Fayez,Keohane,Senior Staff,1990-09-19,9999-01-01,62550
497391,Paris,Lieblein,Engineer,1999-05-19,9999-01-01,74583
497835,Shuho,Laurillard,Technique Leader,1999-10-06,9999-01-01,40000
498185,Caolyn,Marciano,Senior Engineer,1999-06-06,9999-01-01,40000
498337,Naraig,Docker,Staff,1997-05-17,9999-01-01,65293
498456,Geraldo,Gerteisen,Staff,1987-06-05,1993-06-04,40000
498635,Florian,Pezzoli,Senior Staff,1997-07-22,9999-01-01,43577
498838,Sanjay,Ciolek,Senior Staff,1998-12-13,9999-01-01,40000
498845,Arumugam,Pelc,Senior Engineer,1999-11-13,9999-01-01,40000
498955,Nechama,Kandlur,Engineer,1995-01-16,2002-01-16,52314
499194,Padma,Delgrange,Senior Staff,1998-01-02,9999-01-01,61589
499260,Danae,Honglei,Engineer,1998-09-14,9999-01-01,40000
499495,Baoqiu,Kakkar,Engineer,1999-08-30,9999-01-01,40000
